"id","Gender","Age","Educ","WDP.Theil","WDP.Gini","WDP.Atkinson"
1,"female","40to49","HigherEduc",0,0,0
2,"male","40to49","HigherEduc",1,1,0
3,"male","20to29","HigherEduc",1,1,1
4,"female","20to29","Matura",0,0,0
5,"female","50to59","HigherEduc",1,1,1
6,"male","20to29","HigherEduc",1,1,1
7,NA,"20to29","Matura",1,1,1
8,"male","40to49","Matura",0,0,0
9,"female","20to29","HigherEduc",1,1,1
10,"female","30to39","HigherEduc",1,1,1
11,"male","20to29","HigherEduc",NA,NA,NA
12,"female","20to29","Matura",0,NA,0
13,"female","70+","Matura",NA,NA,NA
14,"male","40to49","Matura",0,0,0
15,"female","30to39","HigherEduc",1,1,1
16,"female","40to49","HigherEduc",1,1,1
17,"male","50to59","HigherEduc",NA,NA,NA
18,"female","40to49","Matura",1,1,1
19,"female","20to29","Matura",0,0,0
20,"female","20to29","HigherEduc",0,0,0
21,"male","50to59","Pflichtschule+Lehre",0,0,0
22,"female","70+","Mittlere Schule",0,0,0
23,"male","70+","Matura",1,1,1
24,"female","50to59","HigherEduc",0,0,0
25,"female","30to39","HigherEduc",NA,NA,NA
26,"female","30to39","HigherEduc",0,0,0
27,"female","60to69","HigherEduc",1,1,1
28,"male","30to39","HigherEduc",1,1,1
29,"male","70+","HigherEduc",0,0,0
30,"male","30to39","HigherEduc",1,1,1
31,"female","70+","Matura",0,0,0
32,"male","30to39","HigherEduc",1,1,1
33,"male","40to49","HigherEduc",1,1,1
34,"female","30to39","Mittlere Schule",0,0,0
35,"male","60to69","HigherEduc",1,1,1
36,"male","30to39","HigherEduc",1,0,1
37,"male","50to59","Pflichtschule+Lehre",NA,NA,NA
38,"female","20to29","Matura",0,0,0
39,"female","50to59","HigherEduc",1,1,1
40,"female","20to29","HigherEduc",0,1,0
41,"female","20to29","HigherEduc",1,1,1
42,"female","60to69","Matura",0,0,0
43,"female","30to39","HigherEduc",1,1,1
44,"female","20to29","HigherEduc",1,1,1
45,"female","30to39","HigherEduc",1,1,1
46,"female","20to29","Matura",1,1,1
47,"female","30to39","HigherEduc",0,0,0
48,"female","30to39","HigherEduc",0,1,0
49,"female","30to39","HigherEduc",1,1,0
50,"female","40to49","HigherEduc",0,0,0
51,"female","40to49","HigherEduc",0,0,0
52,"male","50to59","HigherEduc",0,0,0
53,"male","20to29","HigherEduc",0,0,0
54,"male","40to49","HigherEduc",1,1,1
55,"female","60to69","HigherEduc",1,1,1
56,"male","30to39","HigherEduc",1,1,1
57,NA,NA,NA,NA,NA,NA
58,"male","60to69","Matura",0,1,0
59,"female","30to39","HigherEduc",0,0,0
60,"female","20to29","Matura",1,1,1
61,"female","70+","Mittlere Schule",1,1,1
62,"male","70+","HigherEduc",1,1,1
63,"female","20to29","AHS/BHS",1,1,1
64,"female","40to49","HigherEduc",NA,NA,NA
65,"male","40to49","Matura",1,1,1
66,"male","20to29","HigherEduc",1,1,1
67,"female","40to49","HigherEduc",0,0,0
68,"female","16to19","Pflichtschule",0,0,0
69,"male","20to29","HigherEduc",0,0,0
70,"female","70+","Matura",NA,NA,NA
71,"male","20to29","Matura",1,1,1
72,"female","20to29","HigherEduc",1,1,1
73,"male","20to29","HigherEduc",1,1,1
74,"male","30to39","Pflichtschule+Lehre",0,NA,0
75,"male","30to39","HigherEduc",1,1,1
76,NA,NA,NA,NA,NA,NA
77,"male","30to39","Matura",1,1,1
78,"male","40to49","HigherEduc",0,NA,0
79,NA,NA,NA,NA,NA,NA
80,"male","70+","HigherEduc",0,0,0
81,"female","60to69","HigherEduc",0,0,0
82,"male","30to39","Mittlere Schule",0,1,0
83,"male","70+","Mittlere Schule",NA,NA,NA
84,NA,NA,NA,NA,NA,NA
85,"female","20to29","Matura",1,1,1
86,"female","70+","Pflichtschule",1,1,1
87,"female","70+","Pflichtschule",0,0,0
88,"female","30to39","HigherEduc",0,1,0
89,"male","20to29","HigherEduc",1,1,1
90,"female","70+","Pflichtschule+Lehre",NA,NA,NA
91,"male","30to39","HigherEduc",0,0,0
92,"female","30to39","HigherEduc",0,0,0
93,"female","70+","HigherEduc",0,0,0
94,"male","30to39","HigherEduc",0,0,0
95,"female","20to29","Matura",0,0,0
96,"female","30to39","Matura",0,0,0
97,"female","60to69","HigherEduc",0,0,0
98,"male","20to29","Matura",1,1,1
99,"male","20to29","Matura",1,1,1
100,"female","16to19","AHS/BHS",1,1,1
101,NA,NA,NA,1,1,1
102,"female","30to39","HigherEduc",1,1,1
103,"male","40to49","HigherEduc",0,1,0
104,"female","40to49","HigherEduc",1,1,1
105,"male","20to29","Matura",NA,NA,NA
106,"male","70+","HigherEduc",0,0,0
107,"female","30to39","HigherEduc",0,0,0
108,"male","30to39","HigherEduc",NA,NA,NA
109,"male","70+","HigherEduc",1,1,1
110,"male","60to69","Matura",1,1,1
111,"female","30to39","HigherEduc",1,1,1
112,"female","50to59",NA,0,0,0
113,"diverse","20to29","HigherEduc",0,0,0
114,"male","30to39","Matura",1,1,1
115,"male","30to39","HigherEduc",0,0,0
116,"female","20to29","HigherEduc",NA,NA,NA
117,"male","70+","Matura",0,0,0
118,"male","20to29","HigherEduc",1,1,1
119,"male","20to29","HigherEduc",0,0,0
120,"female","70+","HigherEduc",0,0,0
121,"female","40to49","HigherEduc",1,1,1
122,"male","20to29","Matura",1,1,1
123,"female","30to39","HigherEduc",1,1,1
124,"male","40to49","HigherEduc",0,NA,0
125,"female","70+","HigherEduc",1,1,1
126,"male","20to29","Matura",1,1,1
127,"male","70+","HigherEduc",1,1,1
128,"female","50to59","HigherEduc",0,0,0
129,"female","30to39","HigherEduc",1,1,1
130,"male",NA,"AHS/BHS",NA,NA,NA
131,"male","50to59","HigherEduc",0,0,0
132,"male","40to49","HigherEduc",1,1,1
133,"female","30to39","HigherEduc",1,1,1
134,"male","30to39","HigherEduc",1,1,1
135,"female","30to39","HigherEduc",0,0,0
136,"female","30to39","HigherEduc",1,1,1
137,"diverse","50to59","HigherEduc",NA,NA,NA
138,"male","16to19","Matura",0,1,0
139,"female","50to59","HigherEduc",0,0,0
140,"female","60to69","HigherEduc",1,1,1
141,"female","50to59","Matura",0,0,0
142,"female","20to29","Matura",1,1,1
143,"male","20to29","Pflichtschule+Lehre",1,1,1
144,"male","30to39","HigherEduc",0,0,0
145,"female","40to49","Mittlere Schule",1,1,1
146,"male","16to19",NA,NA,NA,NA
147,"male","70+","HigherEduc",NA,NA,NA
148,"female","40to49","HigherEduc",0,1,0
149,"female","30to39","HigherEduc",1,1,1
150,"male","20to29","HigherEduc",0,0,0
151,"female","50to59","HigherEduc",0,0,0
152,"male","70+","HigherEduc",0,0,0
153,"male","40to49","HigherEduc",NA,NA,NA
154,"female","20to29","AHS/BHS",0,0,0
155,"male","40to49","HigherEduc",1,1,1
156,"female","20to29","HigherEduc",1,1,1
157,"male","40to49","HigherEduc",0,0,0
158,"female","60to69","HigherEduc",1,1,1
159,"male","40to49","HigherEduc",0,0,0
160,"male","30to39","HigherEduc",0,0,0
161,"male","16to19","Pflichtschule",1,1,1
162,"female","60to69","Mittlere Schule",0,0,0
163,"male","60to69","Pflichtschule+Lehre",0,0,0
164,"male","60to69","Matura",NA,NA,NA
165,"female","60to69","Mittlere Schule",NA,NA,NA
166,NA,NA,NA,NA,NA,NA
167,"female","20to29","Matura",1,1,1
168,"male","30to39","Matura",0,0,0
169,"female","30to39","HigherEduc",0,0,0
170,"male","20to29","Matura",1,1,0
171,"female","50to59","Mittlere Schule",NA,NA,NA
172,"female","20to29","HigherEduc",0,0,0
173,"male","40to49","Matura",1,1,1
174,"female","20to29","HigherEduc",0,0,0
175,"female","40to49","HigherEduc",1,1,1
176,"female","20to29","HigherEduc",1,1,1
177,"male","20to29","HigherEduc",1,1,1
178,"diverse","20to29","Matura",1,1,1
179,"female","60to69","Matura",0,0,0
180,"female","20to29","HigherEduc",1,1,1
181,"male","20to29","Matura",1,1,1
182,"male","30to39","HigherEduc",1,1,1
183,"male","50to59","HigherEduc",0,0,0
184,"female","40to49","HigherEduc",0,0,0
185,"female","40to49","HigherEduc",0,0,0
186,"male","40to49","HigherEduc",1,1,1
187,"female","30to39","HigherEduc",0,0,0
188,"male","20to29","HigherEduc",0,0,0
189,"female","50to59","HigherEduc",1,1,1
190,"female","40to49","HigherEduc",1,1,1
191,"female","20to29","Matura",NA,NA,NA
192,"female","20to29","HigherEduc",0,0,0
193,"female",NA,"Pflichtschule+Lehre",NA,NA,NA
194,"male","30to39","HigherEduc",1,1,1
195,NA,NA,NA,NA,NA,NA
196,"male","30to39","HigherEduc",1,1,1
197,"female","50to59","HigherEduc",0,0,0
198,"female","20to29","HigherEduc",0,0,0
199,"female","20to29","HigherEduc",1,1,1
200,"female","30to39","HigherEduc",0,0,0
201,"female","70+","HigherEduc",0,0,0
202,NA,NA,NA,NA,NA,NA
203,"female","50to59","HigherEduc",0,0,0
204,"male","20to29","Matura",1,1,1
205,"female","20to29","HigherEduc",1,1,1
206,"female","30to39","HigherEduc",1,1,1
207,"female","50to59","HigherEduc",0,0,0
208,NA,NA,NA,NA,NA,NA
209,NA,NA,NA,NA,NA,NA
210,"female","70+","Pflichtschule+Lehre",1,1,1
211,"male","70+","HigherEduc",0,0,0
212,"female","70+","AHS/BHS",NA,NA,NA
213,"male","70+","Matura",NA,NA,NA
214,"female","70+","HigherEduc",0,0,0
215,"female","50to59","HigherEduc",1,1,1
216,NA,NA,NA,1,1,1
217,"female","60to69","Matura",1,1,1
218,"female","70+","Matura",1,1,1
219,"female","60to69","Mittlere Schule",0,1,1
220,"male","30to39","HigherEduc",NA,NA,NA
221,"female","30to39","HigherEduc",0,0,0
222,"male","70+","Mittlere Schule",0,0,0
223,"male","20to29","Pflichtschule+Lehre",1,1,1
224,"male","40to49","Pflichtschule+Lehre",0,0,0
225,"female","40to49","Pflichtschule+Lehre",0,0,0
226,"female","20to29","Mittlere Schule",1,1,1
227,"male","70+","HigherEduc",0,0,0
228,"male","20to29","HigherEduc",1,1,1
229,"female","50to59","AHS/BHS",0,0,0
230,"female","20to29","HigherEduc",0,1,0
231,"male","60to69","AHS/BHS",NA,NA,NA
232,NA,NA,NA,NA,NA,NA
233,"male","70+","AHS/BHS",NA,NA,NA
234,"female","20to29","HigherEduc",1,1,1
235,"male","30to39","HigherEduc",1,1,1
236,"female","70+","Pflichtschule",NA,NA,NA
237,"male","30to39","Matura",0,0,0
238,"female","40to49","Pflichtschule+Lehre",1,1,1
239,"female","70+","Pflichtschule",NA,NA,NA
240,"female","60to69",NA,0,0,0
241,"female","16to19","Matura",1,1,1
242,"male","20to29","Pflichtschule+Lehre",0,0,0
243,"female","20to29","Matura",0,1,0
244,"female","20to29","Matura",0,0,0
245,"female","20to29","Matura",1,1,1
246,"female","40to49","Matura",1,1,1
247,"male","30to39","HigherEduc",1,1,1
248,"male","60to69","HigherEduc",0,0,0
249,"male","60to69","HigherEduc",0,NA,0
250,"female","50to59","HigherEduc",1,0,1
251,"male","16to19","Pflichtschule+Lehre",0,1,0
252,"male","40to49","Pflichtschule+Lehre",0,0,0
253,"male","16to19","Matura",0,0,0
254,"female","60to69","HigherEduc",1,1,1
255,"male","20to29","HigherEduc",1,1,1
256,"male","40to49","Pflichtschule+Lehre",1,0,0
257,"male","20to29","HigherEduc",0,0,0
258,"male","50to59","Matura",1,1,1
259,"female","30to39","HigherEduc",1,1,1
260,"male","30to39","HigherEduc",1,0,0
261,"male","70+","Matura",0,0,0
262,"male","20to29","Pflichtschule+Lehre",0,0,0
263,"female","40to49","Matura",1,1,1
264,"male",NA,"Pflichtschule+Lehre",0,0,0
265,"male","60to69","Matura",0,0,0
266,"female","20to29","Mittlere Schule",NA,NA,NA
267,"male","30to39","Pflichtschule+Lehre",1,1,1
268,"female","70+","Pflichtschule+Lehre",0,0,0
269,"male","20to29","HigherEduc",1,1,1
270,NA,NA,NA,NA,NA,NA
271,"male","30to39","Matura",0,0,0
272,"female","70+","Matura",0,0,0
273,"male","20to29","Pflichtschule+Lehre",0,0,0
274,"female","60to69","Pflichtschule+Lehre",1,1,1
275,"female","70+","Pflichtschule+Lehre",0,0,0
276,"female","60to69","Pflichtschule+Lehre",NA,NA,NA
277,"male","20to29",NA,NA,NA,NA
278,"male","40to49","Mittlere Schule",0,0,0
279,"female","70+","Pflichtschule+Lehre",0,NA,0
280,"male","50to59","Pflichtschule+Lehre",1,1,1
281,"female","30to39","HigherEduc",1,1,1
282,"female","20to29","Matura",0,0,0
283,"male","30to39","Pflichtschule+Lehre",0,0,0
284,"female","50to59","Matura",0,0,0
285,"female","30to39","HigherEduc",0,0,0
286,"male","30to39","HigherEduc",0,0,0
287,"female","60to69","Pflichtschule",NA,NA,NA
288,"female","50to59","Pflichtschule",NA,NA,NA
289,NA,"20to29","Matura",1,1,1
290,"male","40to49","Matura",1,1,1
291,"male","20to29","HigherEduc",1,1,1
292,"male","30to39","Pflichtschule+Lehre",1,1,1
293,"female","60to69","Mittlere Schule",0,0,0
294,"diverse","40to49","HigherEduc",0,0,0
295,"male","60to69","AHS/BHS",0,0,0
296,NA,"20to29","HigherEduc",0,0,0
297,"male","20to29","HigherEduc",1,1,1
298,"female","50to59","Mittlere Schule",0,0,0
299,NA,NA,"HigherEduc",1,1,1
300,"male","40to49","Pflichtschule",1,1,1
301,"male","20to29","Matura",1,1,1
302,"female","50to59","HigherEduc",0,NA,0
303,"male","60to69","Mittlere Schule",0,0,0
304,"male","50to59","Mittlere Schule",0,0,0
305,"female","20to29","Matura",0,0,0
306,"male","16to19","Matura",0,0,0
307,"male","20to29","Matura",1,1,1
308,"female","50to59","HigherEduc",1,1,1
309,"male","60to69","Pflichtschule+Lehre",NA,NA,NA
310,"female","40to49","Matura",0,0,0
311,"female","50to59","Pflichtschule+Lehre",1,1,1
312,"female","20to29","HigherEduc",1,1,1
313,"female","20to29","Pflichtschule+Lehre",0,0,0
314,"male","70+","Matura",0,0,0
315,"male","20to29","HigherEduc",1,1,1
316,"female","30to39","HigherEduc",1,1,1
317,"female","20to29","Matura",0,0,0
318,"male","16to19","Pflichtschule",0,0,0
319,"female","30to39","HigherEduc",1,1,1
320,"female","40to49","HigherEduc",1,0,1
321,"female","20to29","HigherEduc",1,1,1
322,"male","20to29","HigherEduc",1,1,1
323,"male","40to49","Pflichtschule+Lehre",0,0,0
324,"male","60to69","HigherEduc",1,1,1
325,"female","50to59","HigherEduc",0,0,0
326,"male","20to29","HigherEduc",1,1,1
327,"female","20to29","HigherEduc",0,0,0
328,"male","20to29","Matura",1,1,1
329,NA,NA,NA,NA,NA,NA
330,"female","50to59","Pflichtschule+Lehre",1,1,1
331,"male","50to59","HigherEduc",0,NA,0
332,"female","30to39","HigherEduc",1,1,1
333,"female","30to39","Pflichtschule+Lehre",1,1,1
334,"female","40to49","Matura",1,1,1
335,"male","40to49","HigherEduc",0,0,0
336,NA,NA,NA,NA,NA,NA
337,"male","40to49","HigherEduc",0,0,0
338,"male","30to39","HigherEduc",0,0,0
339,"male","30to39","Pflichtschule+Lehre",0,0,0
340,"male","50to59","HigherEduc",0,0,0
341,"female","40to49","Matura",1,1,1
342,"male","50to59","Pflichtschule+Lehre",0,0,0
343,"female","30to39","Matura",0,0,0
344,"male","50to59","Pflichtschule+Lehre",1,0,0
345,"female","20to29","HigherEduc",1,1,0
346,"female","70+","Pflichtschule+Lehre",1,1,1
347,"male","50to59","Pflichtschule+Lehre",0,0,0
348,"female","30to39","HigherEduc",1,1,1
349,"male","20to29","HigherEduc",0,0,0
350,"female","16to19",NA,0,0,0
351,"male","30to39","Matura",0,0,0
352,"female","20to29","Pflichtschule+Lehre",0,0,0
353,"female","30to39","HigherEduc",1,1,1
354,"female","20to29","HigherEduc",0,0,0
355,"male","20to29","Matura",1,1,1
356,"male","20to29","Matura",0,1,0
357,"female","20to29","Matura",1,1,1
358,"female","20to29","Matura",1,1,0
359,"female","40to49","HigherEduc",1,1,1
360,"male","30to39","HigherEduc",0,0,0
361,"male","30to39","Matura",0,0,0
362,"female","60to69","HigherEduc",0,0,0
363,"male","50to59","Mittlere Schule",0,0,0
364,"female","50to59","Mittlere Schule",0,0,0
365,"male","50to59","Pflichtschule+Lehre",0,0,0
366,"female","50to59","HigherEduc",0,0,0
367,"male","40to49","Pflichtschule+Lehre",0,0,0
368,"female","40to49","Pflichtschule",NA,NA,NA
369,"female","40to49","HigherEduc",1,1,1
370,"female","60to69","HigherEduc",1,1,1
371,"male","70+","Matura",0,1,0
372,"female","50to59","Pflichtschule",NA,NA,NA
373,"female","60to69","Pflichtschule",1,1,1
374,"male","50to59","Pflichtschule",0,0,0
375,"male","40to49","Pflichtschule+Lehre",0,0,0
376,"female","70+","AHS/BHS",NA,NA,NA
377,NA,NA,NA,0,NA,1
378,"female","60to69","Mittlere Schule",0,0,0
379,"male","50to59",NA,NA,NA,NA
380,"male","20to29","HigherEduc",1,1,1
381,"male","50to59","HigherEduc",0,NA,0
382,"female","60to69","Pflichtschule+Lehre",NA,NA,NA
383,"female","60to69","HigherEduc",0,0,0
384,"male","30to39","HigherEduc",0,0,0
385,"male","20to29","HigherEduc",1,1,1
386,"male","20to29","Matura",0,0,0
387,"female","50to59","Mittlere Schule",1,1,1
388,NA,NA,"Mittlere Schule",NA,NA,NA
389,"female","40to49","HigherEduc",1,1,1
390,"male","50to59","HigherEduc",1,1,1
391,"female","20to29","Matura",1,1,1
392,"male","50to59","Matura",0,0,0
393,"male","50to59","HigherEduc",0,0,0
394,"female","40to49","HigherEduc",1,0,1
395,"female","20to29","Matura",1,1,1
396,"female","30to39","Pflichtschule+Lehre",0,0,0
397,"female","50to59","HigherEduc",NA,NA,NA
398,"female","20to29","Matura",1,1,1
399,"female","20to29","Matura",1,1,1
400,"male","20to29","Matura",1,1,0
401,"male","20to29","Matura",1,1,1
402,"male","70+","Matura",0,0,0
403,"male","30to39","HigherEduc",0,0,0
404,"male","40to49","HigherEduc",1,1,1
405,"female","60to69","HigherEduc",0,0,0
406,"female","40to49","HigherEduc",1,1,1
407,"female","50to59","Pflichtschule+Lehre",0,0,0
408,"female","60to69","HigherEduc",0,0,0
409,"female","30to39","HigherEduc",1,1,1
410,"male","30to39","HigherEduc",1,1,0
411,"female","30to39","Matura",0,0,0
412,"female","40to49","HigherEduc",1,1,1
413,NA,NA,NA,NA,NA,NA
414,"male","70+","HigherEduc",NA,NA,NA
415,"female","20to29","HigherEduc",0,0,0
416,"female","20to29","HigherEduc",0,0,0
417,"male","20to29","HigherEduc",0,1,0
418,"female","30to39","HigherEduc",0,0,0
419,"male","40to49","HigherEduc",1,1,1
420,"male","60to69","HigherEduc",0,0,0
421,"male","30to39","Matura",1,1,1
422,"male","30to39","HigherEduc",0,0,0
423,"male","40to49","Pflichtschule+Lehre",1,1,1
424,"female","60to69","HigherEduc",0,0,0
425,"male","60to69","AHS/BHS",0,NA,0
426,"female","50to59","HigherEduc",0,0,0
427,"male","30to39","HigherEduc",1,1,1
428,"male","40to49","HigherEduc",1,1,1
429,"female","50to59","Matura",0,1,0
430,"male","40to49","HigherEduc",0,0,0
431,"female","50to59","HigherEduc",1,1,1
432,"male","20to29","Matura",0,0,0
433,"male","40to49","HigherEduc",NA,NA,NA
434,"female","30to39","Matura",1,1,1
435,NA,NA,NA,NA,NA,NA
436,"male","50to59","HigherEduc",0,0,0
437,"male","20to29","HigherEduc",1,1,1
438,"female","40to49","Pflichtschule+Lehre",0,0,0
439,"male","20to29","Matura",1,1,1
440,"female","40to49","HigherEduc",1,1,1
441,"female","50to59","HigherEduc",NA,NA,NA
442,"male","40to49","HigherEduc",1,1,1
443,"male","16to19","Matura",0,0,0
444,"male","20to29","Pflichtschule",1,1,1
445,"male","20to29","Matura",1,1,1
446,"female","16to19","Matura",1,1,1
447,"female","20to29","HigherEduc",0,0,0
448,"male","20to29","HigherEduc",1,1,1
449,"female","16to19","Matura",1,1,1
450,"male","60to69","Pflichtschule+Lehre",0,0,0
451,"male","70+","Matura",NA,NA,NA
452,"male","30to39","HigherEduc",0,0,0
453,"male","50to59",NA,0,0,0
454,"female","50to59","HigherEduc",NA,NA,NA
455,"male","40to49","HigherEduc",1,1,1
456,"female","50to59","HigherEduc",1,1,1
457,"male","40to49","HigherEduc",1,1,1
458,"female","40to49","HigherEduc",1,0,1
459,"male","30to39","HigherEduc",1,1,1
460,"male","40to49",NA,0,0,0
461,"male","30to39","HigherEduc",0,0,0
462,"male","60to69","Mittlere Schule",0,0,0
463,"male","70+","HigherEduc",0,0,0
464,"female","60to69","HigherEduc",NA,NA,NA
465,"male","30to39","HigherEduc",1,1,1
466,"female","50to59","HigherEduc",0,0,0
467,"male","50to59","HigherEduc",1,1,1
468,"female","50to59","Matura",0,0,0
469,"female","20to29","HigherEduc",1,1,1
470,"female","30to39","HigherEduc",0,0,0
471,"male","70+","Mittlere Schule",0,0,0
472,"male","50to59","Mittlere Schule",0,0,0
473,"female","30to39","Matura",1,1,1
474,"female","30to39","HigherEduc",0,0,0
475,"male","60to69","HigherEduc",0,0,0
476,"male","40to49","HigherEduc",0,0,0
477,"female","60to69","HigherEduc",0,0,0
478,"male","20to29","HigherEduc",1,1,1
479,"female","60to69","AHS/BHS",0,0,0
480,"female","50to59","HigherEduc",0,NA,0
481,"male","70+","Matura",0,0,0
482,"male","20to29","Matura",0,0,0
483,"male","30to39","Matura",1,1,1
484,"male","30to39","HigherEduc",1,1,1
485,"male","40to49","HigherEduc",0,0,0
486,"female","50to59","AHS/BHS",1,0,0
487,"male","40to49","HigherEduc",1,1,1
488,"male","30to39","HigherEduc",0,1,0
489,"female","30to39","HigherEduc",1,1,1
490,"female","20to29","HigherEduc",NA,NA,NA
491,"male","30to39","Matura",1,1,1
492,"female","20to29","HigherEduc",0,0,0
493,"female","50to59","Matura",1,1,1
494,"female","50to59","HigherEduc",0,0,0
495,"female","20to29","HigherEduc",1,1,1
496,"female","40to49","HigherEduc",1,1,1
497,"female","60to69","HigherEduc",0,1,0
498,"female","20to29","Matura",0,0,0
499,"male","50to59","HigherEduc",NA,NA,NA
500,"male","20to29","HigherEduc",0,0,0
501,"female","20to29","Matura",0,0,0
502,"female","16to19","Matura",1,1,1
503,"male","20to29","Matura",1,1,1
504,"male","70+","HigherEduc",0,0,0
505,"female","50to59","HigherEduc",1,1,1
506,"male","60to69",NA,0,0,0
507,"female","50to59","HigherEduc",1,1,1
508,"male","16to19","AHS/BHS",1,1,1
509,"male","40to49","HigherEduc",0,0,0
510,"female","60to69","Pflichtschule+Lehre",1,1,1
511,"female","50to59","HigherEduc",0,0,0
512,"female","20to29","Matura",1,1,1
513,"male","40to49","HigherEduc",0,0,0
514,"male","20to29","HigherEduc",1,1,1
515,"female","70+","AHS/BHS",0,0,0
516,"female","40to49","HigherEduc",1,1,1
517,"female","30to39","HigherEduc",0,0,0
518,"male","40to49","HigherEduc",1,1,1
519,"female","40to49","HigherEduc",1,1,1
520,"male","60to69","HigherEduc",1,1,1
521,"male","30to39","HigherEduc",1,1,1
522,"male","20to29","HigherEduc",1,1,1
523,"female","20to29","HigherEduc",1,1,1
524,"female","20to29","Matura",1,1,1
525,"female","60to69","HigherEduc",0,NA,0
526,"male","50to59","Mittlere Schule",0,1,0
527,"female","40to49",NA,0,0,0
528,"male","20to29","Matura",1,1,1
529,"male","70+","HigherEduc",1,1,1
530,"female","70+","HigherEduc",0,0,0
531,"female","70+","AHS/BHS",0,1,0
532,"male","16to19","AHS/BHS",1,1,1
533,"male","16to19","AHS/BHS",0,0,0
534,"female","60to69","HigherEduc",1,1,1
535,"male","50to59","Pflichtschule+Lehre",0,0,0
536,"female","50to59","HigherEduc",0,0,0
537,"female","30to39","HigherEduc",0,0,0
538,"female","30to39","HigherEduc",0,0,0
539,"female","60to69","HigherEduc",NA,NA,NA
540,"female","50to59","HigherEduc",1,1,1
541,"female","50to59","HigherEduc",1,0,0
542,"male","50to59","HigherEduc",1,1,1
543,"female","70+","Matura",0,0,0
544,"male","50to59","HigherEduc",0,0,0
545,"male","40to49","HigherEduc",0,0,0
546,"female","50to59","HigherEduc",0,1,0
547,"male","20to29","HigherEduc",0,0,0
548,"female","16to19","AHS/BHS",1,1,1
549,"female","16to19","Matura",0,0,0
550,"male","40to49","AHS/BHS",1,1,1
551,"male","50to59","Matura",1,1,1
552,"female","50to59","HigherEduc",0,0,0
553,"male","50to59","HigherEduc",1,1,1
554,"female","16to19","Matura",0,0,0
555,"female","60to69","HigherEduc",0,0,0
556,"female","70+",NA,NA,NA,NA
557,"female","20to29","HigherEduc",NA,NA,NA
558,"female","50to59","Matura",0,0,0
559,"male","70+","Matura",0,0,0
560,"male","60to69","AHS/BHS",1,0,1
561,NA,NA,NA,NA,NA,NA
562,"female","40to49","Matura",1,1,1
563,"male","70+","Pflichtschule+Lehre",1,1,1
564,NA,"40to49","HigherEduc",0,0,0
565,NA,NA,NA,0,0,0
566,"male","30to39","HigherEduc",0,0,0
567,"female","30to39","HigherEduc",0,1,0
568,"female","50to59","HigherEduc",1,1,1
569,"female","50to59","Mittlere Schule",0,0,0
570,"male","50to59","HigherEduc",1,1,1
571,"female","16to19","AHS/BHS",0,0,0
572,"female","16to19","Matura",1,1,1
573,"male","30to39","HigherEduc",1,1,1
574,"female","30to39","HigherEduc",0,0,0
575,"female","20to29","HigherEduc",0,1,0
576,"female","60to69","Matura",0,0,0
577,"female","30to39","HigherEduc",1,1,1
578,"male","30to39","Pflichtschule+Lehre",1,1,1
579,"female","60to69","Pflichtschule+Lehre",0,0,0
580,"male","30to39","Matura",1,1,1
581,"male","40to49","HigherEduc",0,0,0
582,"female","40to49","HigherEduc",0,1,0
583,"female","40to49","HigherEduc",0,0,0
584,"female","20to29","HigherEduc",0,0,0
585,"male","40to49","HigherEduc",1,1,1
586,"female","30to39","HigherEduc",0,0,0
587,"female","40to49","HigherEduc",0,0,0
588,"female","50to59","Pflichtschule+Lehre",0,1,0
589,"female","16to19","Matura",0,0,0
590,"female","20to29","HigherEduc",0,1,0
591,"female","30to39","HigherEduc",0,0,0
592,"female","70+","HigherEduc",0,NA,0
593,"male","20to29","HigherEduc",1,1,1
594,"male","20to29","Matura",0,1,0
595,"male","30to39","HigherEduc",0,0,0
596,"female","40to49","HigherEduc",0,0,0
597,"male","70+","HigherEduc",0,0,0
598,"female","40to49","Mittlere Schule",0,0,0
599,"male","20to29","HigherEduc",1,0,1
600,"male","30to39","HigherEduc",1,1,1
601,"female","50to59","Matura",1,1,1
602,"female","60to69","Matura",0,1,0
603,"male","50to59","HigherEduc",0,0,0
604,"female","30to39","HigherEduc",1,1,1
605,"male","30to39","HigherEduc",1,1,1
606,"female","30to39","HigherEduc",0,0,0
607,"male","20to29","AHS/BHS",0,1,1
608,"male","50to59","Pflichtschule+Lehre",0,0,0
609,"female","30to39","HigherEduc",1,1,1
610,"male","30to39","Matura",0,0,0
611,"male","30to39","HigherEduc",1,1,1
612,"female","50to59","HigherEduc",0,0,0
613,"female","40to49","HigherEduc",1,1,1
614,"female","30to39","HigherEduc",1,1,1
615,"male","30to39","HigherEduc",NA,NA,NA
616,"male","30to39","HigherEduc",0,0,0
617,"female","40to49","HigherEduc",0,0,0
618,"female","30to39","HigherEduc",0,0,0
619,"male","30to39","HigherEduc",1,1,0
620,"female","20to29","HigherEduc",0,0,0
621,NA,NA,NA,NA,NA,NA
622,"female","20to29","Matura",1,1,1
623,"male","40to49","Pflichtschule+Lehre",1,1,1
624,"female","30to39","HigherEduc",1,1,1
625,"male","40to49","Pflichtschule+Lehre",0,0,0
626,"female","40to49","HigherEduc",0,0,0
627,"male","40to49","HigherEduc",1,1,1
628,"male","20to29","Matura",1,0,1
629,"male","70+","AHS/BHS",0,0,0
630,"male","30to39","HigherEduc",1,1,1
631,"female","20to29","HigherEduc",0,0,0
632,"male","20to29","HigherEduc",1,0,0
633,"female","20to29","HigherEduc",0,0,0
634,"female","50to59","AHS/BHS",1,1,1
635,"male","60to69","Mittlere Schule",0,0,0
636,"female","30to39","HigherEduc",1,1,1
637,"male","30to39","HigherEduc",1,1,0
638,"male","50to59","Pflichtschule+Lehre",0,0,0
639,"male","30to39","HigherEduc",0,0,0
640,"male","30to39","HigherEduc",1,1,1
641,"male","20to29","Matura",1,1,1
642,"male","20to29","HigherEduc",1,0,1
643,"female","30to39","HigherEduc",0,0,0
644,"male","30to39","HigherEduc",1,1,1
645,"female","20to29","HigherEduc",1,1,1
646,"female","20to29","Mittlere Schule",1,1,1
647,"male","30to39","HigherEduc",1,1,1
648,"male","40to49","HigherEduc",0,0,0
649,"male","30to39","HigherEduc",1,1,1
650,"male","70+","Pflichtschule+Lehre",0,0,0
651,"female","20to29","Matura",1,1,1
652,"female","20to29","Matura",1,1,1
653,"male","20to29","Matura",1,0,1
654,"male","16to19","Matura",0,0,0
655,"female","60to69","Pflichtschule+Lehre",0,0,0
656,"female","60to69","Matura",NA,NA,NA
657,"male","50to59","Pflichtschule+Lehre",1,1,1
658,"male","70+","Mittlere Schule",0,0,0
659,"female","70+","Pflichtschule+Lehre",0,0,0
660,"male","50to59","Pflichtschule+Lehre",0,1,0
661,"male","30to39",NA,0,0,0
662,"male","20to29","Matura",1,1,1
663,"female","50to59",NA,0,0,0
664,"male","50to59","Pflichtschule",0,1,0
665,"female","20to29","Matura",1,1,1
666,"male","70+","Pflichtschule+Lehre",NA,NA,NA
667,"male","30to39","HigherEduc",NA,NA,NA
668,"female","40to49","Matura",0,0,0
669,"male","30to39","HigherEduc",1,1,1
670,"female","30to39","HigherEduc",1,1,1
671,"male","40to49","Matura",0,0,0
672,"female","40to49","Pflichtschule+Lehre",1,1,1
673,"male","20to29","Matura",1,1,1
674,"female","70+","AHS/BHS",0,0,0
675,"male","50to59","HigherEduc",0,0,0
676,"male","20to29","AHS/BHS",1,1,1
677,"female","40to49","Pflichtschule",0,NA,0
678,"female","40to49","HigherEduc",0,0,0
679,"male","30to39","HigherEduc",0,0,0
680,"female","30to39","HigherEduc",0,0,0
681,"female","30to39","HigherEduc",1,1,1
682,"male","30to39","HigherEduc",0,0,0
683,"female","20to29","Matura",0,0,0
684,"female","50to59","Matura",0,0,0
685,"female","50to59","Mittlere Schule",1,0,0
686,"female","60to69","Matura",0,0,0
687,"female","30to39","HigherEduc",0,0,0
688,"female","16to19","HigherEduc",0,0,0
689,"female","60to69","Matura",0,0,0
690,"female","20to29","Matura",1,1,1
691,"male","20to29","HigherEduc",1,1,1
692,NA,NA,NA,NA,NA,NA
693,"female","30to39","Matura",0,0,0
694,"female","20to29","Matura",1,1,1
695,"female","70+","Matura",0,NA,0
696,"female","20to29","Matura",1,1,1
697,"female","20to29","Matura",0,0,0
698,"male","20to29","Mittlere Schule",1,1,1
699,"female","70+","Matura",1,1,1
700,"male","50to59","HigherEduc",1,0,1
701,"female","50to59","Matura",0,0,0
702,"female","50to59","HigherEduc",1,1,1
703,"male","20to29","Matura",0,1,0
704,"female","30to39","HigherEduc",1,1,1
705,NA,"40to49",NA,NA,NA,NA
706,"male","30to39","Matura",1,1,1
707,"male","30to39","Matura",1,1,1
708,"female","20to29","HigherEduc",1,1,1
709,"male","20to29","HigherEduc",1,1,1
710,"female","20to29","Matura",1,1,1
711,"female","20to29","Matura",1,1,1
712,"female","50to59","Pflichtschule+Lehre",1,1,1
713,"male","50to59","Matura",0,NA,0
714,"female","20to29","Matura",1,1,1
715,"male","60to69","HigherEduc",1,1,1
716,"male","40to49","HigherEduc",0,0,0
717,"male","20to29","HigherEduc",1,1,1
718,"male","70+","HigherEduc",0,0,0
719,"female","40to49","Matura",0,NA,0
720,"female","20to29","HigherEduc",1,1,1
721,"male","40to49",NA,1,1,1
722,"female","50to59","Matura",0,0,0
723,"female","60to69","HigherEduc",1,1,1
724,"male","40to49","Pflichtschule+Lehre",0,0,0
725,"female","20to29","Matura",1,1,1
726,"male","30to39","HigherEduc",0,0,0
727,"female","30to39","HigherEduc",1,1,1
728,"female","20to29","Matura",0,0,0
729,"male","70+","HigherEduc",1,1,0
730,"male","50to59","Matura",0,0,0
731,"female","50to59","Matura",0,0,0
732,"male","50to59","Matura",0,0,0
733,"female","30to39","HigherEduc",1,1,1
734,"female","30to39","HigherEduc",0,0,0
735,"male","20to29","Matura",0,0,0
736,"female","20to29","Matura",0,0,0
737,"female","30to39","HigherEduc",1,1,1
738,"male","30to39","Matura",0,0,0
739,"female","30to39","Matura",0,1,0
740,"male","40to49",NA,0,0,0
741,"male","20to29","Matura",1,1,1
742,"male","50to59","Pflichtschule+Lehre",0,0,0
743,"female","70+","Pflichtschule+Lehre",0,0,0
744,"male","70+",NA,NA,NA,NA
745,"female","70+","HigherEduc",NA,NA,NA
746,"male","20to29","Matura",0,0,0
747,"male","40to49","HigherEduc",0,0,0
748,"female","16to19","Matura",0,1,0
749,"diverse","30to39","HigherEduc",0,0,0
750,"male","30to39","HigherEduc",1,1,1
751,"male","20to29","Mittlere Schule",0,0,0
752,"male","20to29","HigherEduc",1,1,1
753,"male","30to39","HigherEduc",0,0,0
754,"female","50to59","Mittlere Schule",0,1,0
755,"male","30to39","Mittlere Schule",1,0,1
756,"female","20to29","Matura",1,1,1
757,"female","30to39","HigherEduc",0,0,0
758,"male","30to39","HigherEduc",0,0,0
759,"male","40to49","AHS/BHS",0,0,0
760,"female","70+","HigherEduc",0,0,0
761,"female","20to29","Matura",1,1,1
762,"male","40to49","HigherEduc",1,1,1
763,"female","50to59","HigherEduc",0,0,0
764,"male",NA,"HigherEduc",1,1,1
765,"female","20to29","Matura",0,1,0
766,"male","60to69","AHS/BHS",0,0,0
767,"female","50to59","Matura",0,0,0
768,"female","20to29","Matura",0,0,0
769,"male","30to39","HigherEduc",1,1,1
770,"female","40to49","HigherEduc",0,0,0
771,"female","16to19","Pflichtschule",1,1,1
772,"female","40to49","HigherEduc",0,0,0
773,"female","20to29","Pflichtschule",NA,NA,NA
774,"male","20to29","Pflichtschule+Lehre",NA,NA,NA
775,"male","40to49","Pflichtschule",NA,NA,NA
776,"female","70+","Mittlere Schule",0,0,0
777,"female","40to49","Pflichtschule+Lehre",0,0,0
778,"male","30to39","HigherEduc",0,0,0
779,"male","40to49","Matura",1,1,1
780,"male","20to29","Matura",1,1,1
781,"female","20to29","HigherEduc",0,0,0
782,"male","40to49","Pflichtschule+Lehre",0,0,0
783,"female","30to39","HigherEduc",NA,NA,NA
784,"male","70+","Matura",0,0,0
785,"male","30to39","Matura",0,0,0
786,"female","60to69","HigherEduc",0,0,0
787,"male","60to69",NA,0,0,0
788,"male","30to39","HigherEduc",0,0,0
789,"male","16to19","AHS/BHS",0,0,0
790,"female","30to39","Matura",1,0,1
791,"male","20to29","HigherEduc",1,1,1
792,"female","30to39","HigherEduc",1,1,1
793,"male","30to39","Matura",0,0,0
794,"male","20to29","Matura",0,0,0
795,"female","20to29","Matura",1,1,1
796,"female","30to39","HigherEduc",0,0,0
797,"male","50to59","Mittlere Schule",1,1,1
798,"male","40to49","HigherEduc",0,0,0
799,"male","16to19","Mittlere Schule",1,1,1
800,"female","40to49","HigherEduc",0,1,0
801,"male","30to39","Pflichtschule+Lehre",0,NA,0
802,"female","30to39","AHS/BHS",NA,NA,NA
803,"male","16to19","Matura",0,1,0
804,"male","60to69","Matura",1,1,1
805,"female","40to49","Matura",0,0,0
806,"male","20to29","Pflichtschule+Lehre",0,0,0
807,"male","40to49",NA,0,0,0
808,"female","20to29","HigherEduc",1,1,1
809,"male","30to39","HigherEduc",NA,NA,NA
810,"male","30to39","HigherEduc",0,0,0
811,"female","40to49","HigherEduc",0,0,0
812,"female","40to49","HigherEduc",0,0,0
813,"female","20to29","HigherEduc",0,1,0
814,"female","50to59",NA,1,1,1
815,"male","20to29","HigherEduc",1,1,1
816,"female","20to29","HigherEduc",0,0,0
817,"male","16to19","Pflichtschule",0,0,0
818,"male","20to29","Pflichtschule+Lehre",1,1,1
819,"male","20to29","Matura",0,0,0
820,"male","20to29","HigherEduc",0,0,0
821,"female","16to19",NA,1,1,1
822,"male","16to19","Matura",1,1,1
823,"male","60to69","Mittlere Schule",NA,NA,NA
824,"male","20to29","Matura",1,1,1
825,"female","50to59","HigherEduc",1,1,1
826,NA,NA,NA,NA,NA,NA
827,"male","20to29","AHS/BHS",1,1,1
828,"male","50to59","Mittlere Schule",0,0,0
829,"female","60to69","AHS/BHS",1,1,1
830,"female","30to39","HigherEduc",0,0,0
831,"male","30to39","HigherEduc",1,1,1
832,"male","20to29","Matura",0,0,0
833,"female","50to59","Matura",1,1,1
834,"male","30to39","Matura",0,1,0
835,"male","30to39","HigherEduc",1,1,1
836,"female","70+","HigherEduc",1,1,1
837,"male","40to49","HigherEduc",1,1,1
838,"female","50to59","Matura",1,0,1
839,"male","70+","Pflichtschule+Lehre",0,0,0
840,"female","30to39","HigherEduc",1,1,1
841,"male","30to39","HigherEduc",1,1,1
842,"male","20to29","AHS/BHS",1,1,0
843,"male","20to29",NA,0,0,0
844,"male","50to59","HigherEduc",1,1,0
845,"male","60to69","Matura",0,0,0
846,"male","30to39","HigherEduc",0,0,0
847,"female","60to69","Matura",0,0,0
848,"male","20to29","HigherEduc",0,0,0
849,NA,"50to59","Matura",NA,NA,NA
850,"male","50to59",NA,0,0,0
851,"male","40to49","Pflichtschule+Lehre",0,0,0
852,"male","40to49","Matura",1,1,1
853,"female","70+","Mittlere Schule",0,0,0
854,"male","50to59",NA,1,1,1
855,"female","20to29","Matura",1,1,1
856,"female","30to39","HigherEduc",1,1,1
857,"male","16to19","Pflichtschule",1,1,1
858,"female","70+","Pflichtschule+Lehre",1,1,1
859,"male","20to29","Pflichtschule+Lehre",1,1,1
860,NA,NA,NA,NA,NA,NA
861,"female","50to59","Pflichtschule+Lehre",1,1,1
862,"male","60to69","Pflichtschule+Lehre",1,1,1
863,"female","70+","Pflichtschule",1,1,1
864,"female","50to59","AHS/BHS",0,0,0
865,"female","50to59","HigherEduc",1,1,1
866,"female","20to29","HigherEduc",1,1,0
867,"male","20to29","Matura",0,0,0
868,"male","60to69","Matura",1,1,1
869,"female","20to29","HigherEduc",0,0,0
870,"male","30to39","HigherEduc",0,0,0
871,"female","60to69",NA,0,0,0
872,"female","30to39","HigherEduc",1,1,1
873,"male","60to69","HigherEduc",1,1,1
874,"female","50to59","HigherEduc",0,0,0
875,"male","40to49","Pflichtschule+Lehre",0,0,0
876,"female","60to69","Pflichtschule+Lehre",0,0,0
877,"male","40to49","HigherEduc",1,1,1
878,"female","60to69",NA,1,1,1
879,"male","30to39",NA,0,0,0
880,"female","40to49","Matura",0,1,0
881,"female","30to39","HigherEduc",1,1,1
882,"female","20to29","HigherEduc",1,1,1
883,"male","40to49","Matura",1,1,1
884,"female","50to59","Matura",0,0,0
885,"male","60to69","HigherEduc",0,0,0
886,"female","50to59","HigherEduc",0,0,0
887,"male","30to39","HigherEduc",1,1,1
888,"female","30to39","HigherEduc",0,0,0
889,"male","60to69","Pflichtschule+Lehre",1,1,0
890,"female","40to49","HigherEduc",1,1,1
891,"male","30to39","Matura",1,1,1
892,"male","60to69","AHS/BHS",0,1,0
893,"female","20to29","Matura",1,1,1
894,"female","20to29","Matura",1,1,1
895,"diverse","50to59",NA,0,0,0
896,"male","60to69","Mittlere Schule",1,1,1
897,"male","60to69","Pflichtschule+Lehre",0,0,0
898,"male","30to39","HigherEduc",1,1,1
899,"male","40to49","HigherEduc",1,0,1
900,NA,"70+","Matura",1,0,1
901,"male","60to69","Mittlere Schule",0,0,0
902,"female","40to49","HigherEduc",0,0,0
903,"male","50to59","Pflichtschule+Lehre",1,1,1
904,"female","40to49","Pflichtschule+Lehre",1,1,1
905,"male","60to69","Mittlere Schule",0,NA,0
906,"female","30to39","HigherEduc",0,0,0
907,"male","20to29","Pflichtschule+Lehre",0,0,0
908,"female","20to29","AHS/BHS",0,0,0
909,"female","20to29","Matura",1,1,1
910,"male","16to19","Matura",1,1,1
911,"male","40to49","HigherEduc",1,1,1
912,"female","60to69","HigherEduc",0,0,0
913,"female","50to59","HigherEduc",0,0,0
914,"male","50to59","Matura",0,0,0
915,"female","50to59","Matura",0,0,0
916,"male","70+","HigherEduc",0,0,0
917,"male","16to19","Pflichtschule",1,1,1
918,"male","40to49","Pflichtschule",1,1,1
919,"male","60to69","Mittlere Schule",0,1,0
920,"female","30to39","Matura",0,0,0
921,"male","30to39","Pflichtschule+Lehre",1,1,1
922,"female","30to39","HigherEduc",1,1,1
923,"female","20to29","AHS/BHS",0,0,0
924,"male","30to39","HigherEduc",0,0,0
925,"male","16to19","Matura",1,1,1
926,"female","40to49","HigherEduc",0,0,0
927,"female","16to19","Matura",1,1,1
928,"female","40to49","AHS/BHS",0,0,0
929,"female","30to39","HigherEduc",1,1,1
930,"male","60to69",NA,0,0,0
931,"female","70+","Pflichtschule+Lehre",0,NA,0
932,"male","50to59","HigherEduc",1,1,1
933,"female","30to39","Matura",1,1,1
934,"female","50to59","HigherEduc",1,1,1
935,"female","70+","Mittlere Schule",0,0,0
936,"female","60to69","Matura",0,0,0
937,"female","30to39","Matura",0,0,0
