"id","Gender","Age","studies","WDP.Theil","WDP.Gini","WDP.Atkinson"
0,"h","30-39","superieur",1,0,0
4,"h","60-69","superieur",1,1,1
6,"h","40-49","superieur",0,0,0
7,"h","30-39","superieur",1,0,1
9,"h","50-59","superieur",1,1,1
10,"f","40-49","superieur",0,0,0
14,"h","30-39","superieur",0,0,0
15,"h","30-39","superieur",0,0,0
17,"h","18-29","superieur",1,1,1
22,"h","18-29","superieur",1,1,1
23,"h","30-39","superieur",1,1,1
24,"f","40-49","superieur",1,1,1
25,"h","18-29","superieur",0,0,0
26,"h","30-39","superieur",0,0,0
28,"f","40-49","superieur",1,1,1
29,"h","50-59","superieur",0,0,0
31,"h","30-39","superieur",1,1,1
34,"f","40-49","superieur",1,1,1
35,"h","40-49","secondaire",0,0,0
36,"h","18-29","superieur",1,1,1
38,"h","30-39","superieur",1,1,1
39,"h","40-49","superieur",1,1,1
40,"h","50-59","superieur",1,1,1
41,"f","40-49","superieur",0,0,0
43,"h","30-39","superieur",1,1,1
44,"h","30-39","superieur",1,1,1
45,"h","30-39","superieur",1,1,1
46,"h","60-69","superieur",1,0,1
47,"f","30-39","superieur",0,NA,0
49,"nspp","nspp","nspp",1,1,1
50,"h","40-49","superieur",0,0,0
51,"h","50-59","nspp",1,0,1
52,"h","50-59","superieur",0,0,0
53,"h","40-49","superieur",0,0,0
55,"h","18-29","superieur",1,1,1
57,"h","18-29","superieur",1,1,1
59,"f","40-49","superieur",0,0,0
60,"h","30-39","superieur",1,0,1
61,"h","40-49","superieur",0,NA,0
62,"f","18-29","superieur",1,1,1
63,"f","18-29","superieur",1,1,1
64,"f","30-39","superieur",1,0,0
65,"h","18-29","superieur",1,1,1
67,"h","30-39","superieur",1,1,1
68,"f","50-59","superieur",1,0,1
69,"h","18-29","superieur",1,1,1
70,"h","40-49","superieur",1,0,0
71,"h","30-39","superieur",0,0,0
72,"h","30-39","superieur",1,0,1
73,"h","30-39","superieur",1,0,1
75,"h","60-69","superieur",1,1,1
76,"h","18-29","superieur",1,1,1
77,"h","30-39","superieur",1,1,1
78,"h","30-39","superieur",1,0,1
79,"f","50-59","secondaire",1,1,1
80,"h","40-49","superieur",0,0,0
86,"f","40-49","superieur",0,0,0
87,"h","18-29","superieur",1,1,1
88,"","","",1,1,1
91,"h","40-49","superieur",1,1,1
92,"h","30-39","superieur",0,0,0
94,"h","50-59","superieur",1,1,1
95,"f","30-39","superieur",1,0,1
96,"h","30-39","superieur",1,0,1
97,"f","30-39","superieur",1,0,1
98,"h","18-29","superieur",1,0,1
99,"h","40-49","superieur",1,1,1
102,"h","30-39","superieur",1,1,1
104,"h","40-49","superieur",1,0,1
105,"h","60-69","nspp",1,1,1
107,"h","60-69","secondaire",1,1,1
109,"h","30-39","secondaire",1,1,1
111,"f","50-59","superieur",0,0,0
112,"h","18-29","superieur",1,1,1
113,"h","30-39","superieur",1,1,1
114,"h","30-39","superieur",1,1,1
115,"h","30-39","superieur",1,0,1
116,"h","30-39","superieur",1,1,1
118,"h","18-29","superieur",1,1,1
119,"h","18-29","superieur",0,0,0
122,"h","30-39","secondaire",1,1,1
123,"h","40-49","superieur",0,0,0
124,"f","+70","secondaire",0,0,0
125,"f","50-59","superieur",1,0,1
126,"h","18-29","secondaire",1,1,1
128,"h","30-39","superieur",0,0,0
129,"h","30-39","superieur",1,1,1
130,"h","18-29","superieur",1,1,1
131,"h","18-29","superieur",0,0,0
134,"f","18-29","superieur",1,1,1
135,"h","18-29","superieur",1,1,1
138,"h","18-29","superieur",1,1,1
139,"h","30-39","superieur",1,1,1
140,"f","30-39","superieur",1,0,0
143,"h","30-39","superieur",1,0,1
144,"f","30-39","superieur",0,0,0
145,"f","18-29","superieur",0,0,0
147,"h","18-29","superieur",1,1,1
148,"h","18-29","superieur",1,1,1
149,"h","18-29","superieur",1,1,1
150,"f","30-39","superieur",1,1,1
151,"f","30-39","superieur",1,1,1
152,"f","18-29","superieur",1,1,1
154,"h","18-29","superieur",1,1,1
157,"h","18-29","superieur",1,1,1
158,"h","18-29","superieur",0,0,0
159,"h","40-49","superieur",1,1,1
160,"h","40-49","superieur",1,0,1
161,"h","30-39","superieur",1,1,1
162,"f","18-29","superieur",0,0,0
163,"h","18-29","superieur",0,0,0
165,"f","18-29","superieur",1,0,1
166,"h","18-29","superieur",1,1,1
167,"f","50-59","superieur",1,0,1
170,"f","18-29","superieur",0,0,0
171,"h","50-59","superieur",1,1,1
174,"h","18-29","secondaire",0,0,0
175,"h","30-39","superieur",1,0,1
176,"f","30-39","secondaire",1,1,1
179,"h","18-29","superieur",1,1,1
180,"h","50-59","superieur",0,0,0
181,"h","30-39","superieur",1,1,1
184,"h","18-29","superieur",1,1,1
185,"h","30-39","superieur",0,0,0
188,"h","60-69","secondaire",0,0,0
190,"h","40-49","superieur",1,1,1
191,"f","18-29","superieur",1,0,1
192,"f","40-49","superieur",1,0,1
193,"","","",0,NA,0
195,"h","18-29","superieur",1,1,1
198,"h","18-29","superieur",1,0,1
201,"h","18-29","superieur",1,1,1
202,"h","30-39","superieur",1,1,1
203,"h","18-29","secondaire",1,0,1
204,"h","30-39","superieur",1,1,1
206,"f","18-29","superieur",1,1,1
207,"f","18-29","superieur",1,1,1
208,"h","18-29","superieur",0,0,0
211,"h","30-39","superieur",1,0,1
212,"h","30-39","superieur",0,0,0
213,"h","18-29","superieur",1,1,1
220,"h","18-29","superieur",1,1,1
222,"h","30-39","superieur",1,1,1
225,"h","18-29","superieur",0,NA,0
226,"h","18-29","superieur",1,1,1
228,"h","40-49","superieur",1,1,1
229,"f","50-59","superieur",1,1,1
231,"h","30-39","superieur",1,1,1
235,"h","30-39","superieur",0,0,0
236,"h","40-49","superieur",1,1,1
238,"h","30-39","superieur",0,0,0
240,"h","30-39","superieur",1,0,1
241,"nspp","18-29","superieur",0,0,0
242,"f","30-39","superieur",1,1,1
243,"h","40-49","superieur",1,1,1
244,"h","30-39","superieur",0,0,0
245,"h","18-29","superieur",1,1,1
246,"h","30-39","superieur",0,0,0
247,"h","18-29","superieur",1,1,1
250,"h","50-59","superieur",0,NA,0
251,"h","18-29","superieur",0,0,0
253,"h","50-59","superieur",1,1,1
254,"h","18-29","superieur",0,0,0
258,"nspp","30-39","secondaire",1,1,1
259,"h","18-29","superieur",0,0,0
260,"h","30-39","superieur",1,1,1
261,"h","18-29","superieur",1,0,0
262,"h","18-29","secondaire",1,1,1
263,"h","18-29","superieur",0,0,0
264,"h","18-29","superieur",1,1,1
265,"h","18-29","superieur",1,1,1
266,"h","18-29","superieur",1,1,1
267,"h","30-39","superieur",0,0,0
268,"h","18-29","superieur",1,1,1
271,"nspp","18-29","superieur",1,1,1
273,"h","30-39","secondaire",1,1,1
274,"f","18-29","superieur",1,1,1
276,"h","18-29","superieur",1,1,1
277,"h","30-39","superieur",1,1,1
278,"h","18-29","secondaire",1,1,1
279,"h","30-39","superieur",1,1,1
282,"f","18-29","superieur",1,1,1
283,"h","18-29","superieur",0,0,0
285,"h","30-39","superieur",1,1,1
286,"f","18-29","superieur",1,1,1
288,"h","30-39","superieur",1,1,1
290,"h","30-39","superieur",1,1,1
294,"h","60-69","superieur",1,1,1
296,"h","18-29","superieur",0,0,0
297,"h","40-49","superieur",1,1,1
301,"h","18-29","superieur",1,1,1
303,"h","40-49","superieur",1,1,1
305,"h","18-29","superieur",1,0,1
308,"h","18-29","superieur",1,1,1
309,"h","18-29","superieur",1,1,1
310,"h","40-49","superieur",1,1,1
311,"h","50-59","superieur",0,0,0
318,"h","30-39","superieur",1,0,1
319,"h","18-29","superieur",0,0,0
320,"h","30-39","superieur",1,0,0
321,"h","30-39","superieur",1,1,1
322,"f","30-39","superieur",0,0,0
327,"h","30-39","superieur",1,1,1
328,"f","50-59","superieur",1,1,1
330,"f","30-39","superieur",0,0,0
331,"f","30-39","superieur",1,1,1
332,"f","30-39","superieur",0,0,0
333,"h","30-39","superieur",1,1,1
336,"h","30-39","superieur",1,1,1
337,"h","18-29","superieur",1,1,1
338,"h","40-49","superieur",1,1,1
339,"f","18-29","superieur",1,1,1
340,"f","40-49","superieur",1,0,1
341,"h","18-29","superieur",1,1,1
342,"h","18-29","superieur",1,1,1
343,"h","30-39","superieur",0,0,0
345,"h","18-29","superieur",1,1,1
347,"h","18-29","superieur",1,1,1
349,"h","30-39","superieur",1,1,1
350,"f","30-39","superieur",0,0,0
351,"f","40-49","superieur",0,0,0
352,"h","18-29","superieur",1,1,1
353,"h","18-29","superieur",0,0,0
354,"h","18-29","superieur",1,0,1
355,"h","30-39","superieur",1,1,1
357,"h","40-49","superieur",1,1,1
358,"h","40-49","superieur",1,1,1
361,"h","30-39","superieur",0,0,0
364,"h","40-49","superieur",0,0,0
365,"h","18-29","superieur",1,0,1
366,"nspp","18-29","superieur",1,1,1
367,"h","30-39","superieur",1,0,1
368,"f","40-49","superieur",0,0,0
369,"f","18-29","superieur",1,1,1
372,"h","30-39","superieur",1,1,0
373,"h","18-29","superieur",1,1,1
375,"h","18-29","superieur",1,1,1
376,"h","40-49","superieur",1,1,0
377,"f","50-59","superieur",0,0,0
378,"h","30-39","superieur",1,1,1
379,"f","18-29","superieur",1,1,1
381,"h","18-29","superieur",0,0,0
386,"h","18-29","secondaire",1,1,1
387,"f","18-29","superieur",1,1,1
388,"h","40-49","superieur",1,1,1
390,"h","30-39","superieur",1,0,1
391,"h","30-39","superieur",1,1,1
392,"h","18-29","superieur",1,1,1
393,"f","30-39","superieur",0,0,0
394,"f","18-29","secondaire",1,1,1
395,"h","18-29","superieur",1,1,1
396,"h","18-29","superieur",0,0,0
397,"h","18-29","superieur",1,1,1
401,"h","18-29","superieur",0,0,0
404,"h","18-29","superieur",1,1,1
405,"f","18-29","superieur",1,1,1
406,"h","30-39","superieur",0,0,0
410,"h","18-29","superieur",1,1,1
411,"f","30-39","superieur",0,0,0
412,"h","+70","superieur",1,0,1
413,"h","18-29","superieur",0,0,0
414,"h","18-29","superieur",1,0,1
416,"h","18-29","superieur",1,1,1
421,"h","18-29","superieur",0,0,0
422,"h","40-49","superieur",1,1,1
426,"h","18-29","superieur",1,1,1
427,"h","60-69","superieur",0,0,0
431,"f","30-39","superieur",0,0,0
432,"f","30-39","secondaire",0,NA,0
433,"h","18-29","superieur",0,0,0
437,"h","18-29","superieur",1,1,1
439,"h","40-49","nspp",1,1,1
441,"f","30-39","superieur",1,1,1
442,"h","40-49","superieur",1,1,1
446,"h","30-39","superieur",0,0,0
450,"h","18-29","superieur",0,0,0
455,"f","18-29","superieur",0,0,0
456,"h","40-49","superieur",0,0,0
457,"f","18-29","superieur",1,0,1
462,"","","",1,0,1
465,"f","18-29","superieur",0,0,0
470,"f","18-29","superieur",1,0,0
472,"f","50-59","superieur",0,0,0
474,"h","30-39","superieur",1,1,1
475,"f","18-29","superieur",0,0,0
476,"f","30-39","superieur",1,0,1
479,"nspp","18-29","superieur",0,0,0
482,"f","30-39","superieur",1,1,1
485,"h","18-29","superieur",1,1,1
487,"f","30-39","superieur",0,0,0
488,"h","30-39","superieur",1,1,1
489,"h","30-39","superieur",1,1,1
491,"h","40-49","superieur",1,0,0
492,"h","30-39","superieur",1,1,1
494,"h","40-49","superieur",1,1,1
495,"h","30-39","superieur",1,0,1
496,"f","40-49","superieur",1,1,1
497,"h","30-39","superieur",1,1,1
498,"f","18-29","superieur",0,0,0
500,"h","18-29","superieur",0,0,0
502,"f","30-39","superieur",1,1,1
503,"f","30-39","superieur",0,0,0
505,"h","30-39","superieur",0,0,0
508,"f","50-59","superieur",1,0,1
510,"f","60-69","superieur",1,1,1
511,"h","18-29","superieur",0,NA,0
512,"h","30-39","superieur",1,0,1
513,"f","60-69","superieur",1,1,1
517,"h","18-29","superieur",1,1,1
519,"","","",0,0,0
520,"f","40-49","superieur",1,1,1
522,"h","30-39","superieur",0,0,0
524,"f","18-29","superieur",1,1,1
528,"h","30-39","superieur",0,0,0
529,"f","18-29","superieur",0,NA,0
530,"h","30-39","superieur",0,0,0
531,"h","30-39","superieur",1,1,1
533,"h","18-29","superieur",1,1,1
534,"h","18-29","superieur",1,1,1
537,"h","40-49","superieur",0,0,0
538,"f","50-59","superieur",1,1,1
539,"h","40-49","superieur",1,1,1
540,"h","30-39","superieur",1,1,1
541,"h","18-29","superieur",1,1,1
542,"h","40-49","superieur",1,1,1
543,"h","30-39","superieur",1,0,1
544,"f","30-39","superieur",1,1,1
545,"h","30-39","superieur",1,0,1
546,"h","40-49","superieur",1,1,1
547,"h","18-29","superieur",1,1,1
549,"h","18-29","superieur",1,0,1
554,"h","40-49","superieur",1,1,1
555,"f","18-29","superieur",1,1,1
561,"f","18-29","superieur",1,1,1
562,"h","18-29","superieur",1,1,1
563,"f","40-49","superieur",0,0,0
564,"h","18-29","superieur",1,1,1
566,"f","18-29","superieur",1,1,1
568,"h","40-49","superieur",0,0,0
573,"h","30-39","superieur",1,1,1
574,"h","18-29","secondaire",0,NA,0
575,"f","18-29","superieur",0,0,0
576,"h","30-39","superieur",1,1,1
578,"f","18-29","superieur",1,1,1
580,"h","40-49","superieur",1,1,1
581,"f","18-29","superieur",0,0,0
583,"h","50-59","superieur",1,1,1
584,"f","18-29","superieur",1,1,1
585,"f","50-59","superieur",1,1,1
586,"f","18-29","superieur",1,0,1
587,"h","30-39","superieur",0,0,0
588,"f","50-59","superieur",1,1,1
589,"f","50-59","superieur",0,0,0
590,"h","30-39","superieur",1,0,1
591,"h","50-59","superieur",1,1,1
592,"h","18-29","superieur",1,1,1
593,"h","18-29","superieur",1,1,1
595,"f","18-29","superieur",1,1,1
596,"h","30-39","superieur",1,1,1
597,"f","30-39","superieur",1,1,1
598,"f","50-59","superieur",0,0,0
599,"f","18-29","superieur",1,1,1
601,"h","40-49","superieur",1,1,1
602,"f","18-29","superieur",1,1,1
603,"nspp","30-39","superieur",0,0,0
605,"h","+70","superieur",0,0,0
606,"h","40-49","superieur",1,1,1
609,"h","40-49","superieur",1,1,1
611,"h","30-39","secondaire",0,0,0
612,"f","18-29","superieur",1,1,1
613,"h","40-49","superieur",0,0,0
614,"h","30-39","secondaire",0,0,0
616,"f","+70","superieur",0,0,0
617,"h","18-29","superieur",1,1,1
618,"h","30-39","superieur",1,1,1
619,"nspp","18-29","superieur",1,0,1
622,"h","18-29","superieur",1,1,1
623,"h","30-39","superieur",1,1,1
629,"h","18-29","superieur",1,1,1
630,"h","60-69","superieur",0,0,0
631,"h","18-29","superieur",1,0,1
633,"f","50-59","superieur",1,1,1
634,"h","30-39","superieur",1,1,1
635,"h","30-39","superieur",0,0,0
637,"h","40-49","superieur",0,0,0
638,"f","60-69","superieur",1,1,1
640,"f","+70","superieur",1,0,1
642,"f","40-49","superieur",1,1,1
645,"h","+70","superieur",1,1,1
651,"h","30-39","superieur",0,0,0
652,"h","50-59","secondaire",0,NA,0
653,"h","18-29","superieur",0,0,0
654,"","","",1,0,1
657,"f","40-49","superieur",1,0,1
658,"h","30-39","superieur",1,0,0
660,"f","40-49","superieur",0,0,0
663,"f","18-29","superieur",1,1,1
668,"h","0-18","secondaire",1,1,1
676,"h","30-39","superieur",0,0,0
678,"h","18-29","superieur",0,0,0
679,"h","30-39","superieur",1,1,1
680,"h","18-29","superieur",1,1,1
682,"h","40-49","superieur",1,1,1
683,"f","18-29","superieur",1,1,1
686,"f","30-39","superieur",1,1,1
688,"h","30-39","superieur",0,0,0
690,"h","40-49","superieur",1,1,1
692,"f","30-39","superieur",1,1,1
693,"f","18-29","superieur",1,1,1
694,"h","40-49","superieur",0,0,0
696,"h","30-39","superieur",1,1,1
697,"h","30-39","superieur",0,0,0
698,"f","50-59","superieur",1,1,1
700,"h","18-29","superieur",1,1,1
701,"h","18-29","superieur",0,0,0
702,"h","30-39","superieur",1,0,1
703,"h","30-39","superieur",1,1,1
706,"h","18-29","superieur",0,0,0
707,"h","50-59","",0,1,0
708,"h","40-49","superieur",1,1,1
709,"f","30-39","superieur",0,0,0
712,"h","40-49","superieur",1,1,1
715,"f","40-49","superieur",1,1,1
717,"h","40-49","superieur",1,1,1
718,"h","30-39","superieur",0,0,0
719,"f","18-29","superieur",1,1,1
720,"h","30-39","superieur",1,1,1
723,"h","50-59","superieur",1,1,1
726,"h","18-29","superieur",0,0,0
728,"f","18-29","superieur",1,1,1
729,"h","40-49","superieur",1,1,1
730,"h","30-39","superieur",1,1,1
733,"h","18-29","secondaire",1,1,1
734,"h","30-39","superieur",1,0,1
735,"f","18-29","superieur",1,0,1
736,"h","30-39","superieur",1,1,1
737,"h","30-39","superieur",1,1,1
741,"h","30-39","superieur",1,1,1
742,"h","30-39","superieur",1,0,1
744,"h","18-29","superieur",1,1,1
747,"h","30-39","superieur",1,1,1
749,"h","18-29","superieur",0,0,0
750,"h","40-49","superieur",0,0,0
751,"h","30-39","superieur",1,1,1
752,"f","18-29","superieur",1,1,1
753,"h","60-69","superieur",1,0,1
754,"h","18-29","superieur",1,1,1
756,"h","60-69","secondaire",1,0,1
759,"f","18-29","superieur",1,1,1
760,"h","40-49","superieur",1,1,1
761,"f","18-29","superieur",0,0,0
762,"h","40-49","superieur",1,1,1
765,"h","18-29","superieur",1,1,1
769,"f","18-29","superieur",0,0,0
770,"h","18-29","superieur",0,0,0
771,"h","30-39","superieur",1,1,1
772,"h","18-29","superieur",1,1,1
773,"f","+70","superieur",1,0,1
775,"f","18-29","superieur",1,1,1
777,"h","18-29","superieur",1,1,1
778,"h","18-29","superieur",1,1,1
780,"h","18-29","superieur",0,0,0
781,"f","30-39","superieur",1,1,1
783,"h","18-29","superieur",0,NA,0
784,"f","18-29","superieur",1,1,1
787,"nspp","nspp","nspp",0,0,0
789,"h","18-29","superieur",1,1,1
790,"h","60-69","superieur",0,0,0
792,"f","18-29","superieur",1,0,1
793,"h","18-29","",1,1,1
794,"h","18-29","superieur",1,1,1
795,"h","18-29","superieur",1,1,1
796,"f","18-29","superieur",1,1,1
799,"f","30-39","superieur",1,0,1
800,"h","18-29","superieur",1,1,1
801,"h","30-39","superieur",1,1,1
805,"h","18-29","superieur",0,0,0
807,"h","30-39","superieur",1,0,1
809,"f","18-29","superieur",0,0,0
811,"f","18-29","superieur",1,1,1
812,"h","18-29","superieur",1,1,1
813,"","","",1,1,1
815,"h","18-29","superieur",1,1,1
816,"h","18-29","superieur",1,1,1
817,"f","30-39","superieur",1,1,1
819,"h","30-39","superieur",0,0,0
822,"h","30-39","superieur",0,0,0
823,"h","18-29","superieur",1,0,0
826,"h","50-59","superieur",1,1,1
827,"h","30-39","superieur",1,0,1
829,"h","18-29","superieur",1,1,1
830,"f","18-29","superieur",1,1,1
832,"h","18-29","superieur",0,0,0
833,"h","30-39","secondaire",0,0,0
835,"h","18-29","secondaire",1,1,1
836,"h","18-29","superieur",1,0,1
837,"h","30-39","superieur",1,1,1
838,"nspp","18-29","superieur",1,1,1
839,"h","18-29","superieur",1,0,0
840,"h","30-39","superieur",1,1,1
841,"h","18-29","superieur",1,1,1
842,"f","18-29","secondaire",1,0,1
843,"h","18-29","superieur",1,1,1
845,"h","18-29","superieur",0,0,0
847,"h","18-29","superieur",1,0,0
848,"f","30-39","superieur",1,1,1
850,"f","40-49","superieur",0,0,0
854,"h","18-29","superieur",1,1,1
856,"h","0-18","secondaire",1,1,1
860,"h","18-29","superieur",1,1,1
863,"h","18-29","superieur",1,1,1
864,"h","18-29","superieur",1,1,1
865,"h","18-29","superieur",1,1,1
866,"nspp","18-29","secondaire",1,0,1
867,"h","30-39","superieur",1,1,1
872,"f","30-39","secondaire",0,0,0
874,"h","18-29","superieur",1,0,1
877,"h","40-49","superieur",0,0,0
879,"f","40-49","secondaire",1,0,1
881,"h","18-29","superieur",1,1,1
882,"h","40-49","superieur",0,0,0
883,"h","30-39","superieur",1,1,1
884,"f","30-39","superieur",1,1,1
885,"h","18-29","superieur",1,1,1
887,"h","18-29","nspp",0,0,0
889,"h","30-39","superieur",0,0,0
892,"h","18-29","superieur",0,0,0
893,"f","18-29","superieur",1,1,1
896,"h","18-29","superieur",1,1,1
897,"f","18-29","superieur",1,1,1
899,"h","30-39","superieur",1,1,1
901,"h","30-39","superieur",1,1,1
902,"f","18-29","superieur",1,1,1
903,"f","18-29","superieur",1,1,1
904,"h","40-49","superieur",1,1,1
906,"h","18-29","superieur",1,0,1
908,"h","18-29","superieur",1,1,1
909,"f","18-29","superieur",1,1,1
911,"f","0-18","superieur",1,1,1
912,"","","",1,1,1
913,"f","18-29","superieur",1,0,1
916,"h","60-69","superieur",0,NA,0
917,"f","30-39","superieur",0,0,0
921,"h","0-18","secondaire",1,1,1
922,"f","30-39","superieur",1,1,1
925,"f","18-29","superieur",1,0,1
926,"f","18-29","superieur",0,0,0
928,"h","30-39","superieur",1,1,1
929,"h","18-29","superieur",0,0,0
930,"h","18-29","superieur",1,1,1
932,"h","40-49","superieur",1,0,1
933,"f","30-39","superieur",1,0,1
936,"h","30-39","superieur",0,0,0
938,"nspp","18-29","superieur",1,1,1
939,"h","18-29","superieur",1,1,1
940,"h","40-49","superieur",1,0,1
941,"h","0-18","secondaire",1,1,1
942,"f","18-29","superieur",1,1,1
943,"h","30-39","superieur",1,1,1
946,"h","18-29","secondaire",1,0,0
947,"h","40-49","superieur",1,1,1
949,"h","0-18","superieur",0,0,0
950,"h","30-39","superieur",1,0,1
952,"h","18-29","superieur",1,1,1
953,"h","18-29","superieur",1,1,1
955,"f","30-39","superieur",0,0,0
956,"f","18-29","superieur",1,1,1
957,"h","30-39","nspp",0,0,0
960,"f","30-39","superieur",1,0,1
961,"h","30-39","superieur",1,1,1
963,"f","18-29","superieur",1,1,1
965,"h","18-29","superieur",1,1,1
966,"f","18-29","superieur",1,1,1
967,"h","50-59","superieur",0,0,0
969,"h","30-39","superieur",0,0,0
971,"h","18-29","superieur",0,0,0
972,"h","18-29","superieur",0,0,0
976,"h","30-39","superieur",0,0,0
981,"h","18-29","superieur",0,0,0
982,"h","50-59","superieur",1,1,1
984,"f","18-29","superieur",1,1,1
986,"nspp","18-29","superieur",0,0,0
987,"h","30-39","superieur",0,0,0
990,"h","18-29","superieur",1,0,1
993,"h","18-29","superieur",1,1,1
994,"h","18-29","secondaire",0,0,0
995,"h","18-29","superieur",1,0,1
997,"h","18-29","superieur",1,0,1
998,"h","18-29","superieur",0,0,0
999,"nspp","18-29","superieur",1,0,1
1000,"h","18-29","superieur",1,1,1
1001,"h","18-29","superieur",0,0,0
1004,"h","30-39","superieur",1,1,1
1005,"f","30-39","superieur",1,1,1
1008,"h","30-39","superieur",0,0,0
1009,"f","18-29","superieur",1,1,0
1012,"h","18-29","superieur",1,0,1
1013,"h","40-49","superieur",0,0,0
1014,"h","50-59","superieur",1,1,1
1015,"h","18-29","superieur",0,0,0
1016,"h","50-59","superieur",1,1,1
1017,"f","40-49","superieur",0,0,0
1019,"h","18-29","superieur",1,1,1
1021,"h","18-29","superieur",0,0,0
1022,"h","18-29","superieur",0,0,0
1027,"h","18-29","superieur",1,1,1
1028,"f","50-59","superieur",1,1,1
1029,"h","30-39","superieur",1,1,1
1032,"h","18-29","superieur",0,0,0
1033,"h","18-29","superieur",1,1,1
1036,"h","18-29","superieur",1,1,1
1041,"h","60-69","superieur",0,0,0
1042,"h","30-39","superieur",1,0,1
1043,"f","18-29","superieur",0,0,0
1044,"h","18-29","superieur",1,1,1
1045,"h","18-29","superieur",1,1,1
1047,"f","18-29","superieur",1,1,1
1049,"h","60-69","superieur",0,0,0
1050,"f","50-59","superieur",0,0,0
1053,"h","30-39","superieur",1,1,1
1057,"f","18-29","secondaire",0,1,0
1058,"f","40-49","superieur",1,1,1
1059,"h","18-29","superieur",1,0,1
1060,"f","18-29","superieur",1,1,1
1062,"f","50-59","superieur",1,0,1
1064,"h","18-29","superieur",1,0,1
1065,"f","0-18","secondaire",0,0,0
1066,"h","40-49","superieur",0,0,0
1068,"h","18-29","superieur",1,1,1
1070,"f","30-39","superieur",0,0,0
1071,"h","18-29","superieur",1,1,1
1072,"h","40-49","superieur",0,0,0
1073,"f","30-39","superieur",1,1,1
1075,"h","18-29","superieur",1,1,1
1077,"f","30-39","superieur",1,1,1
1078,"h","30-39","superieur",1,1,1
1079,"h","50-59","superieur",0,0,0
1080,"h","30-39","superieur",1,1,1
1081,"f","30-39","superieur",0,0,0
1083,"h","18-29","superieur",1,0,1
1085,"h","40-49","superieur",1,1,1
1086,"h","30-39","superieur",0,0,0
1087,"f","40-49","superieur",0,0,0
1090,"h","18-29","superieur",0,0,0
1092,"h","30-39","superieur",0,0,0
1093,"h","18-29","superieur",1,1,1
1094,"h","18-29","superieur",1,1,1
1098,"h","40-49","superieur",1,1,1
1100,"f","30-39","secondaire",0,0,0
1103,"h","40-49","superieur",1,0,1
1104,"f","30-39","superieur",0,0,0
1107,"h","40-49","superieur",1,0,1
1109,"h","18-29","superieur",1,1,1
1110,"h","40-49","superieur",0,0,0
1111,"f","30-39","superieur",0,0,0
1113,"h","30-39","superieur",0,0,0
1114,"h","30-39","superieur",0,0,0
1115,"f","40-49","superieur",0,NA,0
1118,"f","18-29","superieur",0,0,0
1119,"h","40-49","superieur",0,0,0
1120,"h","18-29","superieur",1,1,1
1121,"h","40-49","superieur",1,0,1
1123,"h","30-39","superieur",1,1,1
1124,"h","18-29","superieur",1,1,1
1125,"h","18-29","nspp",1,1,1
1126,"h","18-29","superieur",1,1,1
1130,"h","40-49","superieur",1,0,1
1132,"h","18-29","superieur",1,1,1
1136,"h","18-29","superieur",1,0,1
1139,"f","50-59","superieur",1,0,1
1141,"h","18-29","superieur",1,1,1
1143,"h","40-49","superieur",1,1,1
1145,"h","50-59","superieur",1,1,1
1147,"h","18-29","superieur",1,1,1
1149,"h","30-39","superieur",0,0,0
1152,"h","30-39","superieur",1,1,1
1153,"h","18-29","superieur",1,0,1
1156,"f","18-29","superieur",1,0,1
1158,"nspp","18-29","superieur",1,1,1
1159,"f","18-29","superieur",1,1,1
1160,"f","18-29","superieur",0,0,0
1163,"h","30-39","superieur",1,1,1
1164,"h","18-29","superieur",1,0,1
1165,"h","18-29","superieur",1,0,0
1166,"h","18-29","superieur",0,0,0
1167,"h","30-39","superieur",1,1,1
1168,"","18-29","superieur",1,1,1
1169,"h","50-59","superieur",1,1,1
1170,"h","18-29","superieur",1,1,1
1172,"h","18-29","superieur",1,1,1
1173,"h","18-29","superieur",1,1,1
1174,"f","18-29","superieur",0,0,0
1176,"h","18-29","superieur",1,1,1
1179,"h","18-29","superieur",0,0,0
1183,"f","18-29","superieur",0,0,0
1184,"h","18-29","superieur",0,0,0
1185,"h","30-39","superieur",1,1,1
1187,"h","18-29","superieur",1,1,1
1188,"h","30-39","superieur",1,0,1
1192,"h","30-39","superieur",0,NA,0
1193,"h","30-39","superieur",0,0,0
1194,"h","18-29","superieur",1,1,1
1195,"h","18-29","superieur",0,0,0
1196,"f","18-29","superieur",0,0,0
1197,"f","30-39","superieur",1,1,1
1198,"nspp","18-29","superieur",1,1,1
1199,"nspp","30-39","superieur",1,1,1
1207,"h","40-49","secondaire",0,0,0
1208,"h","30-39","superieur",1,0,1
1209,"h","30-39","secondaire",0,0,0
1212,"nspp","18-29","superieur",1,1,1
1213,"nspp","40-49","superieur",1,1,1
1216,"h","18-29","superieur",1,1,1
1219,"h","40-49","superieur",1,1,1
1220,"h","18-29","superieur",1,1,1
1221,"h","18-29","superieur",1,1,1
1224,"f","18-29","superieur",1,1,1
1225,"f","18-29","superieur",0,0,0
1227,"h","30-39","superieur",1,1,1
1229,"h","30-39","superieur",1,1,1
1231,"h","40-49","superieur",1,0,0
1232,"f","18-29","superieur",1,1,1
1236,"h","+70","secondaire",0,0,0
1237,"h","18-29","nspp",1,1,1
1239,"h","18-29","superieur",0,0,0
1240,"h","18-29","superieur",1,0,1
1241,"h","18-29","secondaire",0,0,0
1243,"h","18-29","superieur",0,0,0
1244,"f","18-29","superieur",1,1,1
1245,"h","18-29","superieur",1,1,1
1246,"h","18-29","superieur",0,0,0
1248,"h","18-29","superieur",0,0,0
1250,"f","18-29","superieur",0,0,0
1251,"h","30-39","superieur",0,0,0
1252,"f","18-29","superieur",0,0,0
1254,"h","40-49","superieur",1,0,1
1255,"f","50-59","superieur",1,0,1
1256,"h","18-29","superieur",1,0,1
1257,"h","50-59","superieur",1,0,0
1260,"h","18-29","superieur",0,0,0
1261,"f","18-29","superieur",1,1,1
1262,"f","18-29","superieur",1,1,1
1264,"h","0-18","secondaire",1,1,1
1265,"h","18-29","superieur",0,0,0
1267,"f","30-39","superieur",1,1,1
1268,"f","18-29","superieur",0,0,0
1269,"h","30-39","superieur",1,0,0
1270,"h","30-39","superieur",1,1,1
1271,"f","18-29","superieur",1,1,1
1273,"h","30-39","superieur",1,1,1
1275,"h","18-29","superieur",1,1,1
1276,"h","40-49","superieur",1,1,1
1277,"h","30-39","superieur",1,0,1
1278,"h","50-59","superieur",1,1,1
1282,"f","30-39","superieur",1,1,1
1284,"h","18-29","superieur",1,0,1
1290,"h","30-39","superieur",1,1,1
1292,"f","18-29","superieur",1,1,1
1293,"f","30-39","superieur",0,0,0
1295,"h","18-29","superieur",1,1,1
1296,"f","18-29","superieur",0,0,0
1297,"nspp","40-49","superieur",1,1,1
1298,"h","18-29","superieur",0,0,0
1299,"h","18-29","superieur",0,0,0
1300,"h","30-39","secondaire",1,0,0
1301,"h","40-49","superieur",1,0,1
1302,"h","18-29","superieur",1,1,1
1304,"h","18-29","superieur",0,0,0
1306,"f","18-29","superieur",0,0,0
1309,"f","18-29","superieur",0,0,0
1310,"f","18-29","superieur",1,1,1
1311,"h","18-29","superieur",1,0,1
1312,"f","18-29","superieur",1,0,0
1314,"h","40-49","superieur",1,1,1
1315,"f","18-29","superieur",1,1,1
1316,"h","18-29","superieur",1,1,1
1317,"h","30-39","superieur",1,1,1
1320,"h","30-39","secondaire",1,1,1
1321,"h","40-49","secondaire",0,0,0
1322,"f","40-49","superieur",0,0,0
1325,"f","40-49","superieur",1,1,1
1326,"f","18-29","superieur",1,1,1
1328,"h","30-39","superieur",1,1,1
1329,"h","18-29","superieur",0,0,0
1330,"h","30-39","superieur",1,1,1
1331,"h","18-29","superieur",1,1,1
1333,"h","30-39","superieur",1,1,1
1335,"f","30-39","superieur",0,0,0
1337,"h","30-39","superieur",1,1,1
1338,"f","18-29","superieur",1,1,1
1339,"h","18-29","superieur",1,0,1
1340,"h","30-39","superieur",1,1,1
1343,"h","30-39","superieur",0,0,0
1344,"h","18-29","superieur",1,1,1
1346,"h","18-29","superieur",0,0,0
1347,"h","0-18","secondaire",0,0,0
1349,"nspp","nspp","nspp",1,0,1
1353,"nspp","30-39","superieur",0,0,0
1354,"h","18-29","superieur",1,1,1
1356,"h","30-39","superieur",0,0,0
1358,"h","18-29","superieur",0,0,0
1360,"f","30-39","superieur",1,1,1
1362,"h","18-29","superieur",1,1,1
1363,"h","40-49","superieur",1,0,1
1366,"h","30-39","superieur",1,1,1
1367,"f","18-29","superieur",0,0,0
1369,"f","30-39","superieur",1,1,1
1370,"h","18-29","superieur",1,1,1
1372,"h","30-39","superieur",0,0,0
1373,"h","18-29","superieur",0,0,0
1374,"h","0-18","secondaire",1,1,1
1376,"h","18-29","superieur",1,0,0
1377,"f","30-39","superieur",1,0,1
1378,"f","40-49","superieur",1,1,1
1379,"h","18-29","superieur",1,1,1
1381,"f","18-29","superieur",0,0,0
1382,"f","18-29","superieur",1,1,1
1383,"h","18-29","superieur",0,0,0
1385,"h","30-39","superieur",1,1,1
1387,"h","18-29","superieur",1,0,1
1388,"h","18-29","superieur",0,0,0
1390,"h","","superieur",1,1,1
1393,"h","30-39","superieur",1,1,1
1396,"f","30-39","superieur",0,0,0
1399,"h","18-29","superieur",0,0,0
1400,"h","18-29","superieur",0,0,0
1401,"h","18-29","superieur",0,0,0
1405,"f","30-39","superieur",1,1,1
1407,"h","18-29","superieur",0,0,0
1408,"h","30-39","superieur",1,1,1
1409,"h","30-39","superieur",1,1,1
1410,"f","30-39","superieur",1,1,1
1411,"h","30-39","superieur",1,0,1
1412,"h","18-29","superieur",1,1,1
1414,"h","40-49","secondaire",1,1,1
1415,"f","50-59","superieur",1,1,1
1417,"h","30-39","secondaire",1,0,1
1418,"f","0-18","nspp",1,1,1
1419,"f","18-29","superieur",1,1,1
1420,"f","18-29","superieur",0,0,0
1422,"f","40-49","superieur",1,0,1
1423,"h","30-39","superieur",0,0,0
1424,"h","18-29","superieur",0,0,0
1425,"h","18-29","superieur",0,0,0
1426,"h","18-29","superieur",1,0,1
1427,"h","50-59","superieur",0,0,0
1429,"f","18-29","superieur",0,0,0
1430,"h","30-39","superieur",1,1,1
1433,"f","30-39","superieur",1,1,1
1434,"h","30-39","superieur",1,1,1
1435,"h","30-39","superieur",1,1,1
1437,"f","18-29","superieur",1,1,1
1438,"h","30-39","superieur",1,0,1
1439,"h","18-29","superieur",1,1,1
1440,"h","18-29","superieur",1,1,1
1442,"f","+70","superieur",0,0,0
1443,"f","0-18","secondaire",1,1,1
1444,"h","30-39","superieur",1,0,1
1447,"h","18-29","superieur",1,1,1
1448,"h","40-49","superieur",1,1,1
1449,"h","30-39","superieur",1,1,1
1450,"h","30-39","superieur",1,1,1
1451,"h","18-29","nspp",1,1,1
1453,"f","50-59","superieur",1,1,1
1455,"f","18-29","superieur",0,NA,0
1457,"h","30-39","superieur",1,1,1
1459,"f","50-59","superieur",1,0,1
1460,"f","18-29","superieur",0,0,0
1462,"f","50-59","superieur",0,0,0
1463,"f","18-29","superieur",1,1,1
1466,"h","18-29","superieur",1,1,1
1467,"f","30-39","superieur",1,1,1
1469,"h","40-49","superieur",0,0,0
1470,"h","18-29","superieur",1,1,1
1471,"f","30-39","secondaire",1,0,1
1472,"h","30-39","superieur",1,1,1
1474,"h","18-29","superieur",1,1,1
1477,"h","18-29","superieur",0,0,0
1478,"h","40-49","superieur",0,0,0
1480,"h","18-29","superieur",1,1,1
1481,"h","18-29","secondaire",0,0,0
1482,"h","30-39","superieur",1,1,1
1485,"h","30-39","superieur",0,0,0
1486,"h","50-59","superieur",1,1,1
1487,"f","40-49","superieur",1,1,1
1490,"h","18-29","superieur",1,1,1
1491,"h","40-49","superieur",1,1,1
1492,"h","40-49","superieur",1,1,1
1493,"h","50-59","superieur",1,1,1
1495,"f","30-39","superieur",0,0,0
1496,"h","18-29","superieur",1,1,1
1499,"f","60-69","superieur",1,1,1
1506,"h","40-49","superieur",1,0,1
1507,"h","40-49","superieur",1,1,1
1509,"h","30-39","superieur",1,0,0
1510,"h","30-39","superieur",1,1,1
1511,"f","18-29","superieur",0,0,0
1512,"h","18-29","superieur",0,0,0
1513,"h","30-39","superieur",0,0,0
1515,"h","30-39","superieur",1,1,1
1517,"h","30-39","superieur",1,1,1
1518,"h","18-29","superieur",1,1,1
1519,"h","18-29","superieur",1,0,1
1520,"f","40-49","superieur",1,0,1
1525,"h","50-59","superieur",1,1,1
1527,"f","30-39","superieur",1,1,1
1529,"h","30-39","superieur",1,1,1
1530,"h","30-39","superieur",1,1,1
1532,"f","50-59","superieur",1,1,1
1533,"h","60-69","superieur",1,1,1
1534,"f","18-29","superieur",0,0,0
1535,"h","30-39","superieur",1,0,1
1536,"f","40-49","superieur",0,0,0
1540,"h","30-39","superieur",0,0,0
1542,"h","0-18","secondaire",0,0,0
1546,"h","40-49","superieur",1,1,1
1547,"h","18-29","superieur",1,1,1
1548,"h","30-39","superieur",1,1,1
1549,"h","18-29","superieur",0,0,0
1551,"h","40-49","superieur",1,1,1
1553,"h","40-49","superieur",1,0,1
1558,"f","60-69","secondaire",0,0,0
1559,"f","30-39","secondaire",1,1,1
1560,"f","18-29","superieur",1,1,1
1564,"h","40-49","superieur",0,0,0
1565,"h","18-29","superieur",1,1,1
1566,"h","18-29","superieur",0,0,0
1568,"h","18-29","superieur",1,1,1
1569,"f","18-29","superieur",1,0,0
1574,"h","30-39","superieur",1,0,1
1575,"h","18-29","superieur",1,1,1
1576,"h","30-39","superieur",0,0,0
1578,"f","30-39","superieur",1,1,1
1579,"h","30-39","superieur",0,0,0
1580,"f","30-39","superieur",0,NA,0
1581,"h","18-29","superieur",1,1,1
1582,"f","18-29","superieur",0,0,0
1584,"f","30-39","superieur",0,0,0
1586,"f","18-29","superieur",1,0,0
1588,"f","18-29","superieur",0,0,0
1589,"f","30-39","superieur",0,NA,0
1590,"f","18-29","superieur",1,1,1
1594,"h","18-29","superieur",1,1,1
1597,"h","30-39","superieur",1,0,0
1599,"f","18-29","superieur",0,0,0
1600,"h","18-29","superieur",1,1,1
1601,"","","",1,1,1
1602,"f","50-59","superieur",1,1,1
1604,"h","30-39","secondaire",0,0,0
1605,"h","30-39","superieur",0,NA,0
1608,"f","30-39","superieur",1,0,0
1609,"h","50-59","superieur",1,1,1
1614,"f","18-29","superieur",0,0,0
1615,"h","50-59","superieur",1,1,1
1618,"h","40-49","superieur",1,1,1
1620,"h","18-29","superieur",0,0,0
1623,"h","30-39","superieur",1,1,1
1625,"h","30-39","superieur",0,NA,0
1626,"h","18-29","superieur",1,1,1
1629,"h","18-29","superieur",1,1,1
1631,"h","40-49","superieur",0,0,0
1632,"h","18-29","superieur",1,1,1
1634,"h","40-49","superieur",0,0,0
1636,"h","18-29","superieur",1,1,1
1638,"nspp","50-59","superieur",1,1,1
1639,"h","30-39","superieur",1,1,1
1640,"h","30-39","superieur",1,1,1
1642,"h","30-39","superieur",1,1,1
1643,"h","18-29","superieur",1,1,1
1644,"f","18-29","superieur",0,0,0
1646,"h","40-49","superieur",1,1,1
1647,"h","50-59","superieur",1,1,1
1648,"h","18-29","superieur",1,1,1
1649,"h","18-29","superieur",0,0,0
1651,"","","",0,0,0
1653,"h","40-49","superieur",1,1,1
1656,"h","30-39","superieur",1,1,1
1659,"h","18-29","superieur",0,0,0
1660,"h","40-49","superieur",1,1,1
1661,"h","40-49","superieur",0,0,0
1662,"","","",1,1,1
1663,"h","30-39","superieur",1,1,1
1664,"f","40-49","superieur",1,0,1
1666,"f","18-29","superieur",1,0,1
1668,"h","40-49","primaire",0,0,0
1669,"h","50-59","superieur",1,1,1
1671,"f","40-49","superieur",1,0,1
1675,"h","50-59","superieur",1,1,1
1676,"h","40-49","superieur",0,0,0
1678,"h","18-29","superieur",1,1,1
1680,"h","18-29","superieur",1,1,1
1682,"h","40-49","superieur",0,0,0
1686,"h","40-49","superieur",1,0,1
1689,"h","18-29","superieur",1,1,1
1690,"h","40-49","superieur",1,1,1
1692,"h","30-39","superieur",0,0,0
1695,"h","30-39","superieur",1,1,1
1696,"h","18-29","superieur",0,NA,0
1698,"h","30-39","superieur",0,0,0
1700,"h","30-39","superieur",0,0,0
1703,"h","30-39","superieur",1,1,1
1704,"h","40-49","superieur",0,NA,0
1707,"f","50-59","superieur",0,NA,0
1708,"f","30-39","superieur",1,0,1
1710,"f","40-49","superieur",1,1,1
1717,"f","30-39","superieur",1,1,1
1720,"f","40-49","superieur",0,0,0
1721,"f","60-69","superieur",1,1,1
1722,"f","30-39","superieur",1,0,1
1724,"h","30-39","superieur",0,0,0
1726,"f","50-59","superieur",1,1,1
1728,"f","30-39","superieur",1,1,1
1729,"f","30-39","superieur",0,0,0
1731,"h","18-29","superieur",1,1,1
1732,"f","50-59","superieur",0,0,0
1734,"h","30-39","superieur",1,1,1
1735,"h","+70","superieur",1,0,0
1736,"h","40-49","superieur",0,0,0
1737,"h","18-29","superieur",1,1,1
1738,"h","40-49","superieur",1,1,1
1739,"f","50-59","superieur",0,0,0
1743,"h","18-29","superieur",1,1,1
1745,"f","40-49","superieur",1,1,1
1746,"f","0-18","secondaire",1,1,1
1749,"f","50-59","superieur",0,0,0
1752,"f","18-29","secondaire",1,1,1
1756,"h","18-29","superieur",1,1,1
1757,"f","50-59","superieur",1,0,1
1758,"nspp","18-29","superieur",0,0,0
1761,"nspp","60-69","nspp",1,1,1
1762,"f","40-49","superieur",0,0,0
1763,"h","40-49","superieur",0,0,0
1765,"h","30-39","superieur",1,0,1
1766,"h","30-39","superieur",1,1,1
1767,"f","50-59","superieur",1,1,1
1768,"h","40-49","superieur",0,0,0
1770,"nspp","30-39","superieur",1,1,1
1771,"h","18-29","superieur",1,1,1
1774,"h","18-29","superieur",1,0,1
1775,"f","30-39","superieur",1,1,1
1776,"h","30-39","secondaire",0,0,0
1781,"f","30-39","superieur",0,NA,0
1782,"h","40-49","superieur",0,NA,0
1783,"","30-39","superieur",0,0,0
1784,"h","18-29","superieur",0,0,0
1785,"f","18-29","superieur",0,0,0
1788,"f","18-29","superieur",1,1,1
1790,"h","30-39","superieur",0,NA,0
1794,"h","40-49","superieur",0,0,0
1795,"h","50-59","superieur",1,1,1
1796,"f","30-39","superieur",1,1,1
1797,"f","30-39","superieur",0,NA,0
1798,"f","40-49","superieur",1,1,1
1799,"f","30-39","superieur",0,NA,0
1801,"f","40-49","superieur",1,0,1
1804,"h","18-29","superieur",1,1,1
1805,"f","18-29","superieur",1,1,1
1807,"h","50-59","superieur",0,0,0
1808,"h","30-39","superieur",0,0,0
1809,"h","40-49","superieur",1,0,1
1810,"h","60-69","superieur",0,0,0
1811,"f","50-59","superieur",0,NA,0
1814,"f","30-39","superieur",0,0,0
1815,"f","30-39","superieur",1,1,1
1816,"f","40-49","superieur",0,0,0
1818,"f","30-39","superieur",1,1,1
1821,"h","40-49","superieur",1,1,1
1823,"h","60-69","superieur",0,0,0
1826,"h","18-29","superieur",0,0,0
1827,"h","40-49","superieur",0,0,0
1828,"h","30-39","superieur",1,1,1
1829,"nspp","18-29","superieur",0,NA,0
1832,"f","50-59","superieur",1,0,1
1834,"h","30-39","superieur",1,0,1
1835,"h","18-29","superieur",1,1,1
1836,"h","30-39","superieur",1,1,1
1837,"h","30-39","superieur",1,0,1
1838,"f","30-39","superieur",1,0,1
1839,"nspp","50-59","superieur",1,1,1
1840,"h","40-49","superieur",0,0,0
1841,"f","18-29","superieur",1,0,0
1842,"h","30-39","superieur",1,0,1
1843,"f","30-39","superieur",0,0,0
1845,"h","40-49","superieur",0,1,0
1846,"h","18-29","superieur",1,1,1
1847,"nspp","18-29","superieur",1,1,1
1853,"h","18-29","superieur",1,1,1
1854,"h","18-29","superieur",1,1,1
1855,"h","18-29","superieur",1,0,1
1856,"h","18-29","",1,1,1
1859,"h","18-29","superieur",1,1,1
1861,"h","60-69","superieur",1,1,1
1864,"f","18-29","superieur",0,0,0
1865,"h","+70","superieur",1,1,1
1868,"h","50-59","superieur",1,1,1
1869,"f","18-29","superieur",1,1,1
1871,"f","18-29","superieur",1,1,1
1874,"h","18-29","superieur",1,1,1
1877,"f","+70","superieur",0,0,0
1879,"f","18-29","superieur",1,1,1
1880,"h","50-59","superieur",1,1,1
1881,"f","18-29","superieur",1,1,1
1882,"f","50-59","superieur",0,0,0
1885,"h","40-49","superieur",1,1,1
1887,"f","18-29","superieur",1,0,1
1888,"f","60-69","secondaire",0,0,0
1890,"h","18-29","superieur",1,1,1
1891,"h","40-49","superieur",1,0,1
1893,"h","18-29","superieur",1,0,1
1894,"h","30-39","secondaire",0,0,0
1895,"f","18-29","superieur",1,1,1
1896,"h","30-39","superieur",0,0,0
1897,"h","60-69","superieur",0,0,0
1899,"f","40-49","superieur",0,0,0
1900,"f","40-49","superieur",1,1,1
1901,"h","40-49","superieur",1,0,1
1902,"h","40-49","superieur",0,0,0
1904,"h","18-29","superieur",1,1,1
1906,"f","40-49","superieur",1,1,1
1907,"h","30-39","secondaire",1,1,1
1911,"h","50-59","superieur",0,0,0
1912,"h","18-29","superieur",1,1,1
1914,"h","50-59","superieur",1,1,1
1915,"f","30-39","superieur",0,NA,0
1916,"h","50-59","superieur",0,0,0
1917,"h","40-49","superieur",1,1,1
1919,"f","40-49","superieur",0,0,0
1922,"f","18-29","superieur",1,1,1
1924,"h","18-29","secondaire",1,1,1
1925,"h","+70","superieur",1,1,1
1927,"h","40-49","superieur",1,1,1
1928,"f","18-29","superieur",1,1,1
1929,"f","40-49","superieur",1,1,1
1930,"f","40-49","superieur",1,1,1
1932,"h","18-29","superieur",1,1,1
1934,"h","30-39","superieur",1,0,1
1936,"f","30-39","superieur",1,1,1
1937,"h","18-29","superieur",1,1,1
1939,"f","40-49","superieur",0,0,0
1940,"f","18-29","superieur",0,0,0
1941,"h","40-49","superieur",0,0,0
1942,"f","30-39","superieur",0,NA,0
1944,"f","30-39","superieur",1,1,1
1945,"h","0-18","secondaire",1,1,1
1946,"h","18-29","superieur",1,1,1
1947,"f","18-29","superieur",0,0,0
1951,"h","30-39","superieur",1,1,1
1952,"h","18-29","superieur",1,1,1
1954,"f","18-29","superieur",1,1,1
1955,"f","0-18","secondaire",1,1,1
1956,"f","18-29","superieur",1,1,1
1957,"h","40-49","superieur",1,1,1
1962,"h","30-39","superieur",1,1,1
1963,"h","18-29","superieur",1,1,1
1966,"f","40-49","superieur",1,1,1
1967,"h","30-39","superieur",1,1,1
1968,"h","50-59","superieur",1,1,1
1970,"h","30-39","superieur",0,0,0
1971,"","","",1,1,1
1973,"h","30-39","superieur",1,1,1
1977,"f","40-49","superieur",0,0,0
1978,"h","30-39","secondaire",1,1,1
1980,"h","40-49","superieur",0,0,0
1981,"h","40-49","superieur",1,1,1
1982,"f","0-18","secondaire",1,1,1
1984,"h","18-29","superieur",1,0,0
1987,"h","18-29","superieur",0,0,0
1988,"h","50-59","superieur",0,0,0
1989,"h","18-29","superieur",1,0,1
1991,"h","18-29","superieur",1,1,1
1992,"h","30-39","superieur",0,0,0
1993,"f","50-59","superieur",1,1,1
1995,"h","18-29","superieur",1,0,1
1996,"h","30-39","superieur",1,1,1
1997,"h","30-39","superieur",0,0,0
1998,"h","50-59","superieur",1,1,1
1999,"f","40-49","superieur",0,0,0
2000,"h","18-29","superieur",1,1,1
2002,"f","50-59","superieur",1,1,1
2003,"h","30-39","superieur",0,0,0
2004,"h","30-39","superieur",0,0,0
2006,"h","30-39","superieur",1,1,1
2007,"h","30-39","superieur",1,1,1
2008,"h","40-49","superieur",1,1,1
2012,"h","50-59","secondaire",1,0,1
2013,"f","50-59","superieur",0,0,0
2014,"h","40-49","superieur",1,1,1
2015,"","","",0,0,0
2016,"h","40-49","superieur",1,1,1
2017,"h","30-39","superieur",1,1,1
2019,"h","40-49","superieur",0,NA,0
2020,"f","30-39","superieur",1,1,1
2021,"f","30-39","secondaire",1,1,1
2022,"h","40-49","superieur",0,0,0
2023,"f","40-49","superieur",0,0,0
2026,"f","40-49","superieur",0,0,0
2030,"h","18-29","secondaire",1,0,0
2031,"h","40-49","superieur",0,0,0
2034,"h","40-49","superieur",1,1,1
2035,"f","50-59","superieur",1,1,1
2036,"","18-29","superieur",0,0,0
2037,"h","30-39","superieur",0,0,0
2039,"nspp","18-29","superieur",0,0,0
2040,"h","18-29","superieur",0,0,0
2041,"h","18-29","superieur",1,1,1
2042,"h","30-39","superieur",1,1,1
2045,"f","40-49","superieur",1,1,1
2047,"f","40-49","superieur",1,1,1
2048,"h","40-49","superieur",0,0,0
2049,"f","18-29","superieur",1,1,1
2050,"nspp","18-29","superieur",0,0,0
2051,"f","40-49","superieur",1,1,1
2053,"h","40-49","superieur",0,0,0
2055,"h","40-49","superieur",1,1,1
2056,"h","30-39","superieur",0,0,0
2058,"h","18-29","superieur",1,1,1
2059,"f","60-69","superieur",1,1,1
2061,"f","60-69","superieur",1,1,1
2062,"h","30-39","",1,1,1
2063,"h","30-39","superieur",1,1,1
2065,"h","18-29","superieur",1,1,1
2066,"h","60-69","superieur",0,0,0
2067,"h","18-29","superieur",1,1,1
2069,"h","40-49","superieur",1,0,1
2070,"h","30-39","superieur",1,1,1
2071,"f","30-39","superieur",1,1,1
2072,"f","30-39","superieur",1,1,1
2073,"f","30-39","superieur",0,0,0
2074,"f","50-59","superieur",0,NA,0
2076,"f","18-29","secondaire",1,0,1
2077,"f","18-29","superieur",0,0,0
2079,"f","18-29","superieur",0,0,0
2080,"nspp","30-39","nspp",1,1,1
2081,"h","18-29","superieur",1,1,1
2084,"f","30-39","superieur",1,1,1
2085,"h","18-29","superieur",1,1,1
2087,"h","60-69","superieur",1,0,0
2088,"f","30-39","superieur",1,1,1
2090,"h","30-39","superieur",1,1,1
2091,"h","18-29","superieur",1,0,0
2092,"f","+70","superieur",0,0,0
2095,"h","18-29","superieur",1,1,1
2098,"h","60-69","superieur",1,1,1
2100,"h","40-49","superieur",1,1,1
2101,"f","40-49","superieur",1,1,1
2102,"h","40-49","secondaire",0,0,0
2103,"h","30-39","",1,1,1
2104,"h","40-49","superieur",0,0,0
2107,"f","30-39","superieur",0,0,0
2108,"f","40-49","superieur",1,0,1
2110,"f","18-29","superieur",1,0,1
2113,"f","30-39","superieur",1,1,1
2114,"h","40-49","secondaire",0,0,0
2115,"h","60-69","superieur",1,1,1
2120,"f","18-29","superieur",0,0,0
2123,"h","18-29","superieur",1,1,1
2124,"f","18-29","superieur",1,0,1
2125,"f","18-29","superieur",0,0,0
2127,"h","18-29","",1,1,1
2129,"h","40-49","superieur",1,1,1
2130,"f","40-49","superieur",0,0,0
2135,"h","40-49","superieur",1,1,1
2136,"h","30-39","superieur",0,0,0
2137,"h","30-39","superieur",1,1,1
2141,"f","18-29","superieur",0,0,0
2143,"h","30-39","superieur",0,0,0
2144,"f","30-39","superieur",1,0,0
2145,"h","18-29","superieur",1,1,1
2146,"h","18-29","superieur",1,1,1
2148,"h","0-18","secondaire",0,0,0
2149,"f","18-29","superieur",1,1,1
2152,"h","18-29","superieur",1,1,1
2153,"f","18-29","superieur",1,0,1
2154,"h","18-29","superieur",0,0,0
2155,"f","18-29","superieur",0,NA,0
2159,"f","18-29","superieur",1,0,0
2160,"h","40-49","superieur",0,0,0
2162,"h","0-18","primaire",0,0,0
2167,"nspp","nspp","nspp",0,NA,0
2171,"h","50-59","superieur",1,1,1
2174,"f","0-18","secondaire",0,0,0
2179,"h","40-49","superieur",1,1,1
2180,"h","18-29","superieur",0,0,0
2181,"f","40-49","secondaire",0,0,0
2182,"h","40-49","superieur",1,1,1
2183,"h","18-29","superieur",1,1,1
2187,"h","40-49","superieur",1,1,1
2191,"h","30-39","superieur",0,0,0
2193,"f","50-59","superieur",0,0,0
2194,"h","30-39","superieur",1,0,1
2195,"h","30-39","superieur",1,0,1
2196,"h","18-29","superieur",1,1,1
2197,"","","",0,0,0
2198,"h","30-39","superieur",1,1,1
2202,"f","18-29","superieur",0,0,0
2203,"h","+70","secondaire",1,1,1
2204,"h","+70","secondaire",1,0,1
2205,"h","60-69","superieur",0,0,0
2206,"f","40-49","superieur",0,0,0
2207,"h","50-59","superieur",0,0,0
2208,"h","50-59","superieur",1,1,1
2209,"f","18-29","superieur",1,1,1
2210,"f","30-39","superieur",0,0,0
2211,"h","30-39","superieur",1,1,1
2215,"h","0-18","secondaire",1,1,1
2216,"f","60-69","superieur",1,1,1
2218,"h","40-49","superieur",0,0,0
2219,"f","18-29","superieur",1,1,1
2223,"f","50-59","superieur",1,0,1
2226,"h","18-29","superieur",1,0,1
2227,"h","18-29","superieur",1,1,1
2228,"f","18-29","superieur",1,1,1
2229,"f","0-18","secondaire",1,1,1
2231,"f","40-49","superieur",1,1,1
2233,"h","18-29","superieur",1,1,1
2234,"h","18-29","superieur",1,1,1
2238,"h","30-39","superieur",1,1,1
2240,"nspp","30-39","superieur",1,1,1
2242,"f","18-29","superieur",1,1,1
2243,"h","18-29","superieur",1,0,1
2245,"h","30-39","superieur",1,1,1
2246,"h","50-59","superieur",1,1,1
2249,"h","30-39","superieur",0,0,0
2250,"h","60-69","superieur",0,0,0
2251,"h","18-29","superieur",1,1,1
2253,"h","40-49","superieur",1,1,1
2254,"h","40-49","superieur",1,1,1
2255,"h","30-39","superieur",1,1,1
2257,"h","18-29","superieur",1,1,1
2258,"h","40-49","superieur",1,1,1
2260,"h","50-59","superieur",1,1,1
2261,"f","40-49","superieur",0,0,0
2262,"h","50-59","superieur",1,1,1
2263,"h","40-49","superieur",1,0,1
2265,"f","40-49","superieur",1,1,1
2267,"h","40-49","superieur",1,0,1
2268,"h","18-29","superieur",1,1,1
2269,"f","+70","superieur",0,0,0
2270,"h","18-29","superieur",1,1,1
2271,"h","18-29","superieur",1,1,1
2272,"h","18-29","superieur",1,1,1
2273,"h","18-29","superieur",0,NA,0
2276,"h","18-29","superieur",0,0,0
2278,"h","18-29","superieur",1,1,1
2279,"h","40-49","superieur",1,1,1
2280,"h","50-59","superieur",0,0,0
2281,"h","18-29","superieur",1,1,1
2282,"f","40-49","superieur",1,1,1
2283,"f","50-59","superieur",1,0,1
2284,"f","18-29","superieur",1,1,1
2285,"f","50-59","superieur",1,1,1
2288,"h","40-49","superieur",0,0,0
2289,"h","30-39","superieur",1,1,1
2291,"f","18-29","superieur",1,1,1
2293,"h","30-39","superieur",1,1,1
2294,"f","18-29","superieur",1,1,1
2295,"h","30-39","superieur",1,1,1
2296,"h","18-29","superieur",1,0,1
2298,"h","18-29","superieur",1,1,1
2299,"h","30-39","superieur",0,0,0
2300,"h","18-29","superieur",0,0,0
2302,"h","30-39","superieur",0,0,0
2303,"h","50-59","superieur",0,0,0
2306,"h","0-18","secondaire",0,0,0
2307,"h","18-29","superieur",0,0,0
